James Griffin,"July 12, 1944",La Fermina,Film video and photographic arts,J Sargeant Reynolds Community College,Senior Software Development Engineer,Xyz Company
Annette Weaver,"November 30, 1930",Ashland,Industrial production technologies,Hope International University,Senior Member Of Technical Staff,Feedback Infrastructure Services
Grace Lewis,"January 28, 1969",Thornton,Medical assisting services,Cincinnati Christian University,Senior Director,Elico Healthcare Services
Nicole Mills,"May 12, 1962",Birchwood,Miscellaneous fine arts,Odessa College,Senior Manager  Regional Sales,Mott MacDonald
Debra Blackburn,"May 31, 1984",Purple Sage,Architecture,Ohio Wesleyan University,Software Engineer,Elixr Labs Technologies
Stephanie Knight,"July 22, 1973",Ivyland,Metallurgical engineering,Marian University,Deputy Director - Finance and Administration,Imperative Business Ventures
Cassidy Johnson,"September 13, 1988",Wailea,Nuclear engineering,Dallas Barber & Stylist College,Principal Architect,Acmegrade
Bryan Miranda,"December 14, 1936",Pilot Grove,Drama and theater arts,Ross Medical Education Center-Canton,Senior Software Engineer (eTouch),Tata Steel Utilities and Infrastructure Services
Colton Green,"April 23, 2007",Camden,Journalism,YTI Career Institute-Capital Region,DevOps Engineer,Actalent Engineering & Sciences
Laura Luna,"April 27, 1937",Coats,Clinical psychology,Case Western Reserve University,Apache Apex - Co-Founder  fmr Chief Architect  Member PMC  Committer,RR
Richard Henson,"December 10, 1976",Fountain,Psychology,Regency Beauty Institute-Avon,Senior Network Security Design Engineer,W3Softech India
Toni Galloway,"April 13, 1992",Perrytown,Journalism,Pike-Lincoln Technical Center,Software Developer,HMD Global
Scott Nichols,"June 13, 1930",Ivyland,Miscellaneous engineering,Atlanta Institute of Music,Senior Data Engineer @GoDaddy,YLG Salon & Spa
Michelle Jacobs,"July 25, 2024",Bassett,Social science or history teacher education,University of Phoenix-Colorado Campus,Director  Technical Assistance Center,Market Research Future Reports
Anthony Schmidt,"August 25, 1946",Liverpool,Oceanography,Tri County Regional Vocational Technical High School,Front-End Software Engineer,DISYS
Kaitlyn Adams,"January 18, 1999",Magnolia Springs,Naval architecture and marine engineering,Inter American University of Puerto Rico-Barranquitas,Splunk Engineer/Developer,FAIRWAY ENTERPRISES
Mr. Jeffery Lee,"October 25, 1978",Calvin,Pre-law and legal studies,New Age Training,Vice President & Global Head of Product Marketing,ChicMic
George Harper,"April 29, 1997",Nikolaevsk,Materials engineering and materials science,Ogeechee Technical College,OS Kernel Software Engineer,Moving Picture Company
Tricia Russo,"July 14, 2021",Deschutes River Woods,Aerospace engineering,Connecticut College,Advanced Data Scientist Co-op,Defence Research & Development Organisation
Robert Payne,"October 2, 2004",Port Monmouth,Art and music education,Marion Military Institute,Senior Software Developer,Allen Solly
Michael Walters,"February 6, 1966",Monserrate,Materials engineering and materials science,Cornell College,Partner & Managing Director,Desnor Destination
Melanie Villarreal,"September 10, 1961",Mesa del Caballo,Architecture,The University of Texas Health Science Center at San Antonio,Senior Network Analyst,Dr. Balabhai Nanavati Hospital
Vanessa Green,"March 14, 1959",Waihee-Waiehu,Pharmacology,Normandale Community College,Solutions Engineer,Universal Precision Screws
Antonio Johnson,"August 11, 1931",Low Moor,Sociology,Princeton University,Senior Business Systems Analyst,Johnson & Johnson
Rhonda Martin,"February 12, 1945",Pine Canyon,Composition and rhetoric,Kentucky Community and Technical College System,Senior Frond End /UI Developer /Architect,Unicommerce Esolutions
Scott Smith,"July 17, 2025",Acres Green,Animal sciences,University of Arkansas at Little Rock,Enterprise Account Executive,Shreya Life Sciences
James Fernandez,"December 13, 2015",Bruce,Industrial production technologies,Skyline College,Software Engineer,Newton School: Pay after Placement
Rebecca Olsen,"September 21, 2014",Camp Hill,Health and medical preparatory programs,Maricopa Community College System Office,DevOps Engineer,TELUS Health
Ann Goodwin,"July 3, 1949",Pleasant Hill,International relations,Missouri Valley College,Senior Director  Core Optical Planning and Design,BDR Pharmaceuticals International
Debra Baxter,"September 30, 2018",Slater,Composition and rhetoric,Leons Beauty School Inc,Senior Quality Engineer,Spinco Biotech
Melissa Lee MD,"March 1, 1979",Angels,Nuclear engineering,Elite Academy of Beauty Arts,Meraki Consulting Systems Engineer,FIITJEE
Oscar Carroll,"December 2, 2005",Roy,Nuclear engineering,Euphoria Institute of Beauty Arts & Sciences-Summerlin,Founder  CEO & Chairman,Varroc Group
Kelly Williamson,"January 3, 1937",Liberty City,Military technologies,The King╞s College,Senior Network Security Engineer,Megafine Pharma
Patrick Bush,"March 31, 1965",Kildeer,Teacher education: multiple levels,Le Cordon Bleu College of Culinary Arts-Orlando,Wireless Network Consulting Engineer,ILJIN AUTOMOTIVE
Veronica Osborne,"December 21, 1940",Fowler,Other foreign languages,Orangeburg Calhoun Technical College,Professional Applications Recruiter,CIBERsites India
Tiffany Davis,"October 8, 1933",Red Bay,Environmental science,University of Phoenix-Baton Rouge,Software Engineer,JAAC TECHNO SERVICES
Amber Yang,"April 7, 2012",Buckley,Treatment therapy professions,San Diego Miramar College,Senior IT Instructor and Consultant,Woosu Automotive India
Dylan Young,"July 15, 1989",Sheridan,Actuarial science,Puerto Rico Conservatory of Music,Senior Full Stack Developer,A&A Business Consulting
Jeff Burgess,"September 17, 2013",Algood,General social sciences,University of Mount Union,Senior Software Engineer,Chromewell Engineering
Timothy Blair,"January 23, 1942",Junction City,Social psychology,ITT Technical Institute-Oxnard,Senior Software Development Engineer,More Mega Store
Eric Giles,"September 24, 1962",Summitville,Physical fitness parks recreation and leisure,Flint Hills Technical College,Co-Head of Product Management  Customer Service Management Business Unit,The Park Hotels
James Henry,"February 24, 2000",Iola,"Nuclear, industrial radiology, and biological technologies",College of Menominee Nation,Technical Advisor,KSB Tech
Rachel Ochoa,"February 17, 1967",Healdton,Other foreign languages,Acaydia School of Aesthetics,Director of Operations  Service Provider CTO Strategy Development Team,NoBrokerHOOD
Jeremy Hunter,"March 26, 2002",Marion,International relations,Federico Beauty Institute,Vice President of Business Development,Shalimar Paints
Alicia Krueger,"August 19, 2005",Grand View,Plant science and agronomy,Anne Arundel Community College,Senior Product Manager,DMI DRAEXLMAIER MANUFACTURING
Kristina Monroe,"July 9, 1931",Leisure World,Industrial and organizational psychology,Kaplan College-Arlington,Senior System Support Engineer,Delhi Institute of Digital Marketing (DIDM)
Brian Fuentes,"October 23, 1931",Burnsville,Architecture,Waynes College of Beauty,IT Security Analyst,Britannia
Darin Byrd,"October 22, 1990",Glenpool,Nursing,Everest Institute-Tigard,Product Manager,RCF
Timothy Sexton,"December 21, 1988",Oak Grove Heights,Criminology,PJ's College of Cosmetology-Glasgow,Director  Product Management,WSP
Angela Patel,"July 15, 1994",Lodge Grass,Cognitive science and biopsychology,Pennsylvania State University-Penn State Greater Allegheny,Network Architect/Engineering Group Lead,Sheth Creators
Melissa Warner,"May 19, 1935",Bon Air,Electrical engineering,Argosy University-Denver,Senior Program Manager,Himatsingka Seide
Brandy Casey,"February 16, 1953",Cawker City,Mathematics,Beebe Medical Center Margaret H. Rollins School of Nursing,Vice President Product Management,Employees State Insurance Corporation
Sarah Duncan,"October 5, 1986",Romney,Library science,South Hills Beauty Academy Inc,Vice President  Marketing,ACT Plast Paints
Amy Boone,"September 16, 1939",Mayfield,Mathematics and computer science,MedTech College-Ft Wayne Campus,IT Business Analyst,Global Hospital Pune India
Bryan Thomas,"July 31, 2008",Parkerfield,"Nuclear, industrial radiology, and biological technologies",ITT Technical Institute-Green Bay,Senior Software Engineer,Dimension India Network
Megan Boyd,"March 3, 1963",Sandy Ridge,Journalism,Northern Oklahoma College,Senior Principal Engineer,Codeforce 360
Steven Yang,"July 15, 2008",Camp Douglas,Physical sciences,Northwest HVAC/R Training Center,Corporate Sales Manager,Oswal Industries
Kenneth Washington,"October 30, 1967",Blakely,Journalism,Purdue University-Main Campus,Cybersecurity,Winjit Technologies
Michael Bennett DVM,"August 1, 1983",New Richmond,Other foreign languages,Seward County Community College and Area Technical School,Director - Hosting and Connectivity Svcs/Internal Network Svcs  Business Technology - Infrastructure,Delhi World Public School
Brent Garcia,"August 25, 1942",Mattawana,Science and computer teacher education,Stanbridge College,Senior Manager  Web and Digital,LKQ INDIA
Alex Lamb,"July 2, 2005",Hendrum,Cognitive science and biopsychology,Martin Methodist College,Sales Strategy and Planning  Next Generation Meetings,Bausch & Lomb
Jeffrey Holden,"December 20, 1989",Musselshell,Engineering technologies,South University-West Palm Beach,System Engineer,Bajaj Auto
Denise Mccann,"March 19, 1999",Melrose,Genetics,DeVry University-Pennsylvania,Senior Software Engineer,Sovereign Health
Candice Ramirez,"November 13, 1941",Lakeview,Molecular biology,Northwest State Community College,Principal Software Engineer,Ghantoot Gulf Contracting
Donald Smith,"April 1, 2012",Kings Mills,Nursing,Interactive Learning Systems-Pasadena,Information Security Specialist,Meneta Automotive Components
Todd Mcbride,"August 7, 2024",Quechee,Geological and geophysical engineering,Excelsior College,Software Engineer,Sembcorp Energy India
Sonia Reyes,"August 26, 1933",East Petersburg,Visual and performing arts,Remington College-Little Rock Campus,Software Engineer,Aeries Technology
Kayla Burns,"April 2, 1932",North Potomac,Early childhood education,Texas Vocational Schools Inc,Data Center Architect,ObjectWin Technology
Mr. Joseph Thompson,"June 14, 1999",Henriette,Mining and mineral engineering,Ayers Career College,Cloud Solution Architect (SAP on Azure),Policyboss.com
Diana Hays,"April 30, 1943",Ridgecrest,Miscellaneous psychology,Eastfield College,District Sales Manager Northeast SLED,Anvil Cables
Justin Bishop,"December 19, 1970",Laddonia,History,Boulder College of Massage Therapy,Financial Operations Analyst,SquadStack
Peter Haynes,"December 25, 1952",Chaffee,Miscellaneous engineering,Heald College-Roseville,Enterprise Account Executive  MidAtlantic,Indo Gulf Fertilisers
Marilyn Page DVM,"April 12, 1989",Rensselaer,Criminology,Washington Barber College Inc,Global Account Manager,Serdia Pharmaceuticals
Alicia Hill,"April 23, 2021",Allenwood,Educational administration and supervision,South Arkansas Community College,software Engineer Staff,Mahindra Agri Solutions
Tami Burton,"July 13, 1977",Sodus Point,Physiology,Eastern Maine Community College,Lead Software Engineer,Arvind Group
Lisa Wagner,"September 19, 2008",Branchville,Visual and performing arts,Widener University-Delaware Campus,Practice Director,Elcamino Software
Robert Ponce,"January 30, 1998",Orangeville,Computer networking and telecommunications,Ohio State University-Lima Campus,Product Manager,Textronics Design Systems
Anne Obrien,"October 18, 1976",Hagerman,International business,Virginia College-Columbia,Independent Contractor,Texas Instruments
Douglas Trevino,"October 27, 1950",College Corner,Statistics and decision science,University of Phoenix-Austin Campus,Distinguished Engineer,Escorts Construction Equipment
Abigail Wilson,"August 19, 1975",Albert Lea,Animal sciences,Northeastern State University,BI/Analytics Sales Account Manager,VISA Steel
Isabel Hall,"April 11, 1988",Gilmore,Computer administration management and security,Penta County Joint Vocational School,DevOps Engineer,AIT Global
Abigail Miller,"September 26, 2025",Long Lake,Environmental science,Greater Johnstown Career and Technology Center,Consulting System Engineer,ImpactQA
Vernon Walters,"December 3, 1950",Richards,Miscellaneous education,Kaplan Career Institute-Brooklyn,Security Researcher and Intelligence Analyst,Punjab and Maharashtra Co-operative Bank
Melanie Saunders,"June 26, 1985",Harrisonburg,Human resources and personnel management,Star Career Academy-Syosset,Software Engineer,Amnex Infotechnologies
Juan Parker,"January 6, 1955",Mountain,Physiology,Astrodome Career Centers,Senior Director of Marketing Strategy & Trade,DFM Foods
Jennifer Vasquez,"June 15, 2025",Houghton,Biochemical sciences,Unitech Training Academy-Houma,Director Product Management,Senco Gold
April Copeland,"April 21, 1989",Galveston,Communication technologies,Thomas Edison State College,Manager  Strategic and Enterprise Inside Sales - West Region,Surevin Bpo Services
Joel Cook,"January 20, 1963",Puerto Real,Physiology,Carolina Christian College,Localization Producer,Kapil Chit Funds
Brittney Martin,"November 6, 2016",Nashua,Miscellaneous social sciences,Southwest University at El Paso,Staff Software Engineer,Enova Facilities Management LLC
Stacy Robertson,"February 25, 1989",North Boston,Geological and geophysical engineering,Yeshivath Viznitz,Senior Customer Support Engineer IV for Contact Center,MSL Driveline Systems
Miguel Pena,"July 20, 1967",Fairview,Journalism,American School of Business,Senior Software Engineer,Bajaj Capital Insurance
David Wang,"May 11, 1997",Roy,Political science and government,LeGrand Institute of Cosmetology Inc,Software Developer,Indian Potash
John Mendoza,"June 13, 2005",Earle,Art and music education,Beauty School of Middletown,Senior Software Engineer,Lam Research
Adrian Levine,"December 14, 1997",Tuppers Plains,Food science,Marian Court College,Lead Technical Architect,Creditas Solutions
Gregory Joyce,"November 21, 1950",Rolling Hills,Linguistics and comparative language and literature,United Tribes Technical College,Senior Software Developer,Exotel
Anthony Cherry,"September 14, 1984",Linton,Applied mathematics,Pinnacle Career Institute-Lawrence,Technical Manager,Zicom Electronic Security Systems
Anthony Garrison,"November 2, 2001",Eagan,Physical sciences,AmeriTech College-Draper,IT Software Developer,Pathkind Diagnostics Private Limited
Robert Hall,"February 17, 1976",Cedro,Mass media,Cobb Beauty College Inc,Principal Solution Architect,Toothsi
Brandi Haney,"September 12, 1989",Milton,Miscellaneous engineering technologies,University of Phoenix-Louisiana Campus,Program manger - Consultant,Grab A Grub Services
Michael Dalton,"December 31, 2023",Caberfae,Miscellaneous biology,Spa Tech Institute-Westboro,Business Critical Services Project Manager,Nucsoft
Paul Guzman,"November 6, 2022",Valley Acres,Atmospheric sciences and meteorology,Santa Ana Beauty Academy,Financial Analyst,Glass Wall Systems
Paul Anderson,"May 12, 1990",Hamilton,English language and literature,College of Massage Therapy,Vice President of Network Managed Services,Gold Plus Glass
John Hernandez,"May 20, 1964",London,Advertising and public relations,Chicago School for Piano Technology (The),Analyltics Consultant,Renault
Maria Gonzalez,"April 18, 2014",Perkins,Clinical psychology,Fortis College-Ravenna,Director  AppExchange and Communities Product Management,M.B.A Consulting India
Michael Leonard,"February 22, 1947",Canby,Composition and rhetoric,San Joaquin Valley College-Central Administrative Office,Senior Financial Analyst - Technical Services,Chassis Brakes International
Nancy Jones,"December 27, 2015",Woodbury,Psychology,Instituto de Banca y Comercio Inc,SRE/DevOps Engineer,Hi-Tech
Joshua Wilson,"May 1, 1962",Eagle Lake,Information sciences,Brazosport College,Senior Product Owner,Smile Foundation
Christina Le MD,"March 5, 1991",Tollette,Nutrition sciences,American Academy McAllister Institute of Funeral Service,Technical Leader,Super Auto Forge
David James,"June 16, 2010",Seaside Park,General education,Pennsylvania State University-Penn State York,Consulting Network Engineer at Apple Inc.,Meditab Software
Mary Pearson,"January 22, 1969",Toronto,Biology,Sunnyside Beauty Academy,Founding Partner and Engineer,Alivira Animal Health
John Franco,"April 30, 1949",Yoder,Miscellaneous biology,Mount St. Mary's College,Software Engineer,JMC Projects
Tanya Hall,"November 14, 1943",Glen Haven,Engineering technologies,Lake Superior College,Strategic Account Manager,Chitkara University
Benjamin Wilson,"April 1, 2013",Wye,Construction services,Utah College of Massage Therapy Inc-Utah Valley,Systems Engineer,TVS Sundram Fasteners
Jennifer Roman,"July 21, 2014",Columbus,Visual and performing arts,CET-San Bernardino,Natonal Account Manager,RAK Ceramics
Lisa Mendoza,"April 26, 1989",Glenwood,Hospitality management,Universal Barber College,Escalation Support Engineer,Niit Foundation
Veronica Simmons,"April 8, 1957",Smiths Grove,Transportation sciences and technologies,New England Culinary Institute,AWS DevOps and Infrastructure Engineer,Colt Technology Services
Steven Yang,"July 15, 2008",Camp Douglas,Physical sciences,Northwest HVAC/R Training Center,Corporate Sales Manager,Oswal Industries
Levi Meadows,"January 10, 2014",Summersville,General medical and health services,Regency Beauty Institute-Flint,Cloud Solution Architect,Impresario Entertainment & Hospitality
Kelly Haynes,"September 23, 1998",Crocker,Secondary teacher education,Simmons Institute of Funeral Service Inc,Senior Staff Software Engineer,MODI HYUNDAI
Brenda Harvey,"April 17, 1952",Funkstown,Art history and criticism,Elmira College,Site Reliability Engineer,Google Pay
Chad Cortez,"July 11, 1967",Belvedere,Physiology,DeVry University-Oklahoma,Senior Software Engineer in Azure Compute,J. Kumar Infraprojects
Daniel Henderson,"June 6, 2012",Bates City,Genetics,New Concept Massage and Beauty School,Information Security Associate,Cygnet Infotech
Sharon Johnson,"September 30, 2007",Garnet,Chemistry,ITT Technical Institute-Tarentum,Commercial Select Sales,Hirschvogel Components
Brandi Haney,"September 12, 1989",Milton,Miscellaneous engineering technologies,University of Phoenix-Louisiana Campus,Program manger - Consultant,Grab A Grub Services
Julie Davis,"January 21, 2013",Huson,Mass media,Massachusetts School of Barbering,Senior Vice President - Customer Assurance,Global Consumer Products
Thomas Peterson,"September 8, 1973",Napoleon,Microbiology,Westwood College-Annandale,Major Account Manager,Transpek-silox Industry
Judy Brown,"September 9, 1939",Moss Beach,Multi/interdisciplinary studies,Lincoln Technical Institute-Brockton,Senior Software Engineer,Kesoram Industries
Laura Mosley,"November 24, 1951",Leilani Estates,Library science,Coppin State University,Account Manager,Skymet Weather Services
Robert Thompson,"September 2, 2010",Millwood,Computer and information systems,Yeshivath Beth Moshe,Technical Leader,Globus Spirits
Erica Baker,"March 18, 1958",Waynesboro,Health and medical preparatory programs,Hair Design Institute at Fifth Avenue-New York,Principal Software Engineer,Trigyn Technologies
Michelle Schultz,"December 26, 1987",Mullin,Geology and earth science,Regency Beauty Institute-Westminster,Senior Technical Product Manager,Sany Heavy Industry
Jay Weber,"November 25, 1977",Chelsea,Nuclear engineering,Everest Institute-Norcross,Senior Web Developer,Park Hospital
Cory Kim,"September 21, 1938",Muddy,Molecular biology,Sherman Kendalls Academy of Beauty Arts & Sciences,Documentation Lead  Cisco Webex Control Hub,Lokmanya Multipurpose Co-op Society
Penny Fernandez,"February 10, 1954",Cross Village,Operations logistics and e-commerce,Everest University-North Orlando,Engineering Manager,Pinnacle Industries
Beth Schmidt,"December 21, 1985",Empire,Educational psychology,Bridgeport Hospital School of Nursing,Sales Director,Dr. Willmar Schwabe India
Rachel Sullivan,"November 13, 1935",Center City,Genetics,Piedmont Virginia Community College,Systems Engineer,Synthite Industries
Carlos Kirk,"September 2, 1969",Alden,Fine arts,H Councill Trenholm State Technical College,Product Manager  DevOps,Aptus Value Housing Finance India
Lacey Graves,"June 2, 1991",Bottineau,Nuclear engineering,Central Coast College,Senior Technical Solutions Consultant,Elico
April Randolph,"September 22, 1939",Lake Roberts,Treatment therapy professions,The Salon Professional Academy,Independent Consultant,Jindal Group Of Companies
Dylan Young,"July 15, 1989",Sheridan,Actuarial science,Puerto Rico Conservatory of Music,Senior Full Stack Developer,A&A Business Consulting
Erica Moore,"August 11, 1945",Lesage,Hospitality management,American Institute of Interior Design,Sales Engineer,Sentiss Pharma
Thomas Black,"April 24, 2013",Cooter,Finance,Luther Rice University & Seminary,Software Engineer 4,Psychotropics India
Gloria Dunlap,"August 31, 1940",Norris City,Public administration,Virginia Marti College of Art and Design,Advanced Services Consulting Engineer,Avantha Technologies
Lisa Jackson,"October 26, 1934",Tecolote,Multi/interdisciplinary studies,Iona College,Compliance and Program Analyst,rProcess Outsourcing Services
Christopher Nichols,"October 20, 1956",Belle Haven,Medical assisting services,Protege Academy,Salesforce Developer,63 Moons Technologies
Richard Roy,"April 12, 1956",Foristell,Social work,South Texas Vocational Technical Institute-Corpus Christi,Director  Service Sales Midwest Atlantic Area,DDF Consultants
Jill Brennan,"January 2, 2005",St. Pauls,Ecology,Medaille College,Site Reliability Engineer,Tata ClassEdge
Ryan Skinner,"February 6, 1973",Pulaski,Mathematics and computer science,Western Area Career and Technology Center,Network Consulting Engineer,Buhler
Lauren Jackson,"April 30, 1938",Oakdale,Architectural engineering,University of Phoenix-Birmingham Campus,Staff Engineer  Unified Communications,Financial Software & Systems
Julie Padilla,"July 21, 2024",Polo,Atmospheric sciences and meteorology,The University of Texas at Tyler,Product Line Manager,BMW
Mandy Lee,"September 1, 1947",Kansas,Film video and photographic arts,Camelot College,Senior Software Engineer in Test,Lanco Amarkantak Power
Sheri Murphy,"October 18, 1997",Riverton,Cognitive science and biopsychology,The Bryman School of Arizona,System Engineer,Clarus Rcm Infotech
Albert Davis,"February 12, 2013",Fort Smith,Communication disorders sciences and services,University of Phoenix-Oregon Campus,Americas Sales Strategy,Hindware Home Innovation
Steven Butler,"March 2, 2025",Fairlee,Public administration,Villa Maria College,Associate Tech Specialist,ADNOC
Trevor Shepherd,"July 3, 1979",Huntersville,Miscellaneous agriculture,Sebring Career Schools-Huntsville,Co-Founder,Paul Merchants
Paul Burton,"February 22, 1948",Dupont,Studio arts,Baker College of Flint,Senior Software Engineer,IndusInd Bank
Sarah Collins,"August 11, 2012",Cayuse,Soil science,West Georgia Technical College,Technical Consultant,ETA ASCON Group
Chris Velazquez,"July 16, 1963",Elmer,Information sciences,Miami University-Middletown,Site Reliability Engineer,NIELIT
Heather Bolton,"September 24, 1973",Lexington,Intercultural and international studies,Golden State College of Court Reporting,Founder and CEO,Skypack
Mason Chase,"April 11, 1948",Holiday Hills,English language and literature,Washburn Institute of Technology,Senior Consultant,SVG Express Services
Erik Keller,"January 1, 1946",Dauphin Island,Electrical engineering technology,Herzing University-Kenner,Manager  Strategy and Innovation,SA Technologies
Evan Cooper,"July 20, 1977",Cusseta,Materials engineering and materials science,University of Notre Dame,Product Manager,Flipkart Health+
Gary Yu,"June 2, 1990",Hurstbourne,Court reporting,La Belle Beauty School,Principal Architect,Arohan Financial Services
Gloria Odom,"November 1, 2019",Wahpeton,Multi/interdisciplinary studies,Daniel Webster College,Senior Principal Software Engineer  Infrastructure and Networking Group,GE Vernova
Bethany Neal,"December 15, 1968",Irvine,Chemistry,Highline Community College,Release/DevOps Enginner,Osam Dairy
Jason Jones,"September 24, 2013",Cale,Philosophy and religious studies,Community Technology Learning Center of Portage,SW Engineer,Broadcom
Michelle Santana,"June 18, 1976",Duffield,Fine arts,Chadron State College,Salesforce.com Product Manager,Incred Finance
Christina Compton,"July 1, 1999",Eureka,Pharmacy pharmaceutical sciences and administration,ITT Technical Institute-Seattle,Senior Program Manager,Netoyed
Colton Martinez,"January 11, 1945",Almedia,Hospitality management,Arcadia University,Senior Director  Systems Engineering/Office of the CTO,Khivraj Motors
Steven Clark,"August 20, 1968",Waikane,Criminal justice and fire protection,PJ's College of Cosmetology-Glasgow,IT Senior Analyst + Scrum Master,Viraj Profiles
Karen Henson,"January 25, 1937",Hoople,Advertising and public relations,CollegeAmerica-Phoenix,Director  Customer Engagement  Global Customer Programs - The Americas,Cynoteck Technology Solutions
Tonya Richards,"August 21, 1935",Diamondhead,Other foreign languages,Tramy Beauty School,Principal Systems Engineer - Storage,Firepro Systems
Paul Guzman,"November 6, 2022",Valley Acres,Atmospheric sciences and meteorology,Santa Ana Beauty Academy,Financial Analyst,Glass Wall Systems
Michael Dennis,"March 28, 1959",Monterey,General social sciences,Southwest Acupuncture College-Boulder,DevOps | Build and Release Engineer,BlackBuck
Cody Woods,"August 7, 1956",Preston-Potter Hollow,Marketing and marketing research,Interior Designers Institute,Media Sales Account Executive,AbsolutData
Frank Cordova,"November 29, 1974",Dauberville,Art history and criticism,Great Oaks Institute of Technology and Career Development,Software Engineer,CSC
Richard Roy,"April 12, 1956",Foristell,Social work,South Texas Vocational Technical Institute-Corpus Christi,Director  Service Sales Midwest Atlantic Area,DDF Consultants
Jessica Bell,"November 6, 1953",Waldo,Agriculture production and management,Mid-America Christian University,Senior Product Manager,Kd Logistics
Kathryn Perry,"March 23, 1986",Gadsden,School student counseling,The Process Institute of Cosmetology,Global Account Director - ICPs  Silicon Valley,DESIGNCO
Annette Green,"January 30, 1937",Mountain Grove,Commercial art and graphic design,Jarvis Christian College,Senior Android Developer,Wonder Home Finance
David Daniels,"May 2, 1941",Adjuntas,Oceanography,University of Scranton,Principal Software Engineer,Ambuja Cements
Jeremiah Rowland,"January 2, 2012",Rabbit Hash,Studio arts,Bellarmine University,Senior Solution Architect - Global System Integrators  US Federal and Technology Partners,Newton School: Pay after Placement
Gregory Green,"August 29, 1971",Flint Hill,Philosophy and religious studies,University of Arkansas Community College-Batesville,Graphics Hardware Engineer,Ricoh
Diana Hays,"April 30, 1943",Ridgecrest,Miscellaneous psychology,Eastfield College,District Sales Manager Northeast SLED,Anvil Cables
Justin Fowler,"March 16, 1973",Wickett,General medical and health services,Galveston College,Research Scientist - Machine Learning,Efs Facilities Services
Arthur Gonzalez,"November 18, 1931",Dumfries,Miscellaneous psychology,Victoria Beauty College Inc,Senior Consultant,British Council
Charles Gonzales,"March 18, 2023",Roberts,Educational psychology,New Beginning College of Cosmetology,Network Security Architect,Gera Developments
Cheryl Petersen,"July 17, 2017",Alvin,Drama and theater arts,Vanguard College of Cosmetology,Financial Data Analyst,Mahaveer Group
Rhonda Oconnell,"September 19, 2015",Rock Mills,Miscellaneous engineering,Montessori Education Center of the Rockies,Global Partner Marketing Manager  Enterprise Network,Rishi Laser
Timothy Thomas,"January 5, 1948",Elm Creek,Engineering mechanics physics and science,Lincoln College of New England-Southington,Member Of Technical Staff,American Tower Corporation
Paul Keller,"May 28, 1984",Lincoln Village,Communication technologies,St Mary's College of Maryland,Sales / Design Engineer,Nagarjuna Construction Company
Sarah Martin,"September 22, 1967",Climax,Computer and information systems,ITT Technical Institute-Tempe,Account Executive,Bank of Baroda
Javier Dorsey,"May 21, 1944",Tunnel Hill,Social psychology,Sinclair Community College,Software Engineer,Devyani International
Mary Mathews,"May 1, 1940",Sonoita,Liberal arts,Schuylkill Technology Center,Self Employed,Dineshchandra R Agarwal Infracon
Jacqueline Webb,"February 22, 1944",Beaulieu,Aerospace engineering,Ridge Career Center,Senior Architect  CCIE 25730,Maharashtra Seamless
Carrie Coffey,"October 10, 1986",The Woodlands,Engineering mechanics physics and science,Charleston Southern University,Manager of Cloud Security Sales,Eli Lilly and Company
Maria Simmons,"July 19, 2010",Briaroaks,Geological and geophysical engineering,Trinity Lutheran Seminary,COO / Co-founder,ABP Group
Jason Morgan,"October 15, 1990",Homewood,Materials engineering and materials science,Georgia Military College-Columbus Campus,Staff Solutions Architect,Cvent
David Koch,"January 14, 2007",Glen Ellyn,United states history,Shepherds Theological Seminary,Pharmacy Automation Engineer,Asirvad Microfinance
Tracy Lopez,"May 4, 1972",Oxbow,Composition and rhetoric,American Institute of Medical Sciences & Education,Founding Consultant,RAK Ceramics
Robin Ortiz,"March 16, 1995",Savageville,Humanities,International Academy of Design and Technology-Orlando,Senior Technical Leader,Orange Health Labs
Melinda Cervantes,"August 21, 1961",Perkinsville,Fine arts,Oklahoma City University,Team Lead,Axis Sales
Sarah Berry,"September 6, 1955",Parkersburg,Mathematics,Argosy University-Washington D.C.,Customer Support Engineer,McNROE
Rhonda Willis,"November 23, 1987",Foosland,Humanities,Mid-Atlantic Christian University,Front End Software Engineer,Central Institute of Mining and Fuel Research
Christina Le MD,"March 5, 1991",Tollette,Nutrition sciences,American Academy McAllister Institute of Funeral Service,Technical Leader,Super Auto Forge
Kim Nelson,"November 4, 1939",Urbandale,Pharmacology,University of Massachusetts-Boston,MTS1 Network Security Engineer,Jio Platforms
Kim Nelson,"November 4, 1939",Urbandale,Pharmacology,University of Massachusetts-Boston,MTS1 Network Security Engineer,Jio Platforms
Diana Ramsey,"May 15, 1949",Bonanza Hills,Miscellaneous psychology,Sanford-Brown Institute-Orlando,Cloud Network and Edge Security Architect,"Ministry Of Health, New Delhi"
Rhonda Willis,"November 23, 1987",Foosland,Humanities,Mid-Atlantic Christian University,Front End Software Engineer,Central Institute of Mining and Fuel Research
Patrick Richardson,"October 25, 1964",Octavia,Metallurgical engineering,Kaplan University-Omaha Campus,Founder,RNF Technologies
Max Miller DDS,"February 20, 2014",Wilder,Psychology,Diversified Language Institute,Security Analyst,GENWORKS Health
Michael Stanley,"February 13, 1994",Granger,Agriculture production and management,Baptist Bible College,Senior Network Engineer,SPX Flow Technology
Mrs. Kimberly Mooney,"February 20, 1954",Whitesboro,Biomedical engineering,Edward Via College of Osteopathic Medicine,Consultant,Quintessence Business Solutions & Services
Gerald Wall,"September 27, 2015",Minneola,Art and music education,National College-Canton,Applications Manager,Bharat Fritz Werner
Bonnie Barnes,"December 12, 1987",Ivy,Computer and information systems,Long Island Business Institute,Software Engineer,L&T Infrastructure Development Projects
Anthony Cherry,"September 14, 1984",Linton,Applied mathematics,Pinnacle Career Institute-Lawrence,Technical Manager,Zicom Electronic Security Systems
Christopher Cain,"August 2, 1992",Camuy,Forestry,Stonehill College,Senior Product Manager,Spectro Analytical Labs
Justin Stone,"October 1, 2023",Corn Creek,Microbiology,Cloyds Beauty School 1 Inc,Senior Software Engineer,CREW(P)LTD
Adam Sanchez,"July 15, 2013",Manilla,Other foreign languages,Chesapeake College,Information Governance  Privacy  Security  & Data Protection | Senior Project Manager (PM) and PM,Simple Energy
Christopher Thompson,"February 26, 2019",West Terre Haute,Applied mathematics,Court Reporting Institute of Arlington,Software Engineer,Integra Software Services
Lauren Jackson,"April 30, 1938",Oakdale,Architectural engineering,University of Phoenix-Birmingham Campus,Staff Engineer  Unified Communications,Financial Software & Systems
Sandra Walker,"June 12, 2018",Holts Summit,Nuclear engineering,KD College Conservatory of Film and Dramatic Arts,Senior Software Engineer  Quality,Stats Perform
Terry Brown,"April 28, 1977",Morgan's Point Resort,Zoology,Carrington College-Tucson,Senior Procurement Manager - Marketing,Tynor Orthotics
Allen Rosales,"September 8, 2022",Calabasas,Operations logistics and e-commerce,Virginia College-Savannah,Divisional Recruiter,Ingersoll Rand
Roberto Smith,"December 14, 1963",Munhall,Natural resources management,Concorde Career College-San Diego,Regional Manager  Commercial Sales,Tech Mahindra Foundation
Sandra Holder,"February 7, 1950",Pisgah,Neuroscience,Modern Welding School,Senior Member Of Technical Staff,Appasamy Associates
Stephanie Herrera,"December 3, 1981",West Little River,Counseling psychology,Washington County Community College,Cybersecurity Account Manager,Nucleus Software Exports
Kendra Wang DVM,"February 18, 1945",Garfield,Liberal arts,San Francisco State University,Head of Global Sports Partnerships,Sfj Business Solutions
Aaron Reed,"July 9, 1967",Soledad,Chemical engineering,Century College,Software Engineer,Dotsquares
Brandon Carrillo,"March 31, 1988",Ramona,Science and computer teacher education,University of Wisconsin-Superior,Software Engineer,SOGEFI
Aaron Aguirre,"March 31, 2006",Allensworth,Commercial art and graphic design,International Business College-Indianapolis,Senior Devops/Cloud Architect,Ivy Hospital
Melissa Winters,"July 3, 2024",Toms Brook,Communication technologies,Carousel Beauty College-Springfield,Architect,DLT Lab Technologies
George Phillips,"November 7, 2012",Goulding,Aerospace engineering,Cosmetic Arts Institute,Network Engineering and Operations  Manager,RANDSTAD OFFSHORE SERVICES
Michael Jones,"March 9, 1932",East Dunseith,Physical sciences,The University of Findlay,Senior Network Engineer,Studds Accessories
Michelle Owen,"June 6, 1963",Galt,Information sciences,Simpson College,IT Resident,SS Supply Chain Solutions
Julia Berry,"May 22, 2003",Nanawale Estates,Political science and government,Niagara University,Software Development Manager,Balkrishna Industries
Jeffrey Howell,"September 5, 1958",Ellington,Engineering technologies,Art Academy of Cincinnati,Senior Member of Technical Staff,Suraksha Diagnostic
Timothy Olson,"November 25, 2002",Vonore,English language and literature,Winston-Salem State University,Senior R&D Engineer,MARK EXHAUST SYSTEMS
John King,"February 16, 1969",Webster,Mass media,Southwestern Oregon Community College,Presidio Distinguished Engineer  Digital Infrastructure Team Lead,DAS Offshore Engineering
Olivia Carter,"March 14, 2016",Covenant Life,Art and music education,California State University-Los Angeles,Senior Software Engineer(Software defined security),REPCO HOME FINANCE
Barbara Turner MD,"September 18, 1963",Grand Junction,Pharmacy pharmaceutical sciences and administration,Remington College-Lafayette Campus,Consulting Engineer,NeST Digital
Gabriella Jones,"January 18, 1963",Hungry Horse,Physical sciences,Regency Beauty Institute-Manassas,Software Engineer,Maxval Ip Services
Philip Ibarra,"April 2, 1950",Lyndhurst,Computer programming and data processing,Tennessee Technology Center at McMinnville,Regional Sales Manager,Kantar Operations
Jennifer Vaughn,"February 2, 1982",Alleghenyville,Biological engineering,University of Pittsburgh-Johnstown,Software Engineer,Euronet Global Development Center
Albert Black,"October 22, 1940",Bowmore,English language and literature,The Hair Design School-Jackson,Member Of Technical Staff,Kinetic Engineering
Eric Williams,"February 27, 1931",Lanesboro,Chemical engineering,Mid Florida Tech,Process Engineer and Project Manager,Techtree It Systems
Joseph Knight,"May 19, 1941",Woodburn,International business,Sanford-Brown Institute-Cranston,Product Manager,Lynk
Rodney Nichols,"January 19, 1953",Pikeville,Visual and performing arts,Michigan Institute of Aviation and Technology,Senior Platform Engineer,Sopra Steria
Sharon Hicks,"May 14, 1934",Rosemount,Mechanical engineering related technologies,Lenoir-Rhyne University,Staff Accountant,The Oman Construction Co. LLC (TOCO)
Shannon Jones,"December 28, 1987",Ashton,Music,Empire Beauty School-Appleton,Enterprise Directory Services Operations Lead,Joyalukkas
Joann Ferguson,"May 13, 1958",Economy,Community and public health,Brooks Institute,Software Development Engineer In Test,SunSource Energy
Michael Martin,"September 4, 1941",Hutchinson,Oceanography,Glendale Community College,Lead Software Engineer,Radnik Exports
Angie Henderson,"April 15, 1980",Westminster,Elementary education,Kiamichi Technology Center-Atoka,Community Relations Project Manager,Kemin Industries
Sara Evans,"March 7, 1963",Holly Pond,Political science and government,ITT Technical Institute-Youngstown,Network Support Engineer,Enquero
Philip Fernandez,"December 19, 2012",Coachella,Health and medical preparatory programs,Irvine Valley College,Regional Sales Manager,Clinic Dermatech
Mary Wall,"January 10, 1949",Puckett,Architectural engineering,Stevenson University,Talent Acquisition-Recruiter,Zomato
Thomas May,"June 14, 2024",Mount Clare,Educational administration and supervision,Madera Beauty College,DevOps Manager,The Heritage School
Christina Ferguson,"December 7, 1938",Snead,Geosciences,Marymount College,Security Engineer / Data Analyst,L&T Power Transmission & Distribution
Bethany Gonzalez,"November 26, 2000",Woodland,Geological and geophysical engineering,Divers Academy International,Software Development Manager,Biorad Medisys
Rebecca Lopez,"May 3, 2019",Bay Village,Social science or history teacher education,Travel Institute of the Pacific,Business Systems Analysis Manager,Ujala Cygnus
Gina Brennan,"April 21, 1936",London Mills,Community and public health,Ner Israel Rabbinical College,Senior Software Engineer,Zydus Lifesciences
Elizabeth Saunders,"February 4, 2008",La Yuca,Studio arts,Pioneer Technology Center,Information System Security Engineer,HP India
Jason Colon,"June 16, 1972",Chevy Chase,Engineering technologies,Bayshire Academy of Beauty Craft Inc,Senior Product Marketing Manager,Marksans Pharma
Lauren Barr,"October 16, 2024",Carlisle,General education,The Salon Professional Academy-Tonawanda,Software Engineer,Amara Raja Power Systems
Maria Martinez,"March 13, 1971",Oak Shores,Elementary education,Pennsylvania State University-Penn State Wilkes-Barre,Director of Vulnerability Management,Innovsource Services
Sarah Howell,"June 5, 2012",Bowleys Quarters,Biomedical engineering,Day Spa Career College,Product Marketing Director,SBI Cards & Payment Services
Paul Hansen,"February 3, 2021",Willow Hill,Miscellaneous health medical professions,Kaplan Career Institute-Harrisburg,Partner Business Development Specialist  Enterprise Networking & Data Center supporting Insight,DIVI'S Laboratories
Paul Saunders,"January 31, 1947",Fieldon,Multi-disciplinary or general science,Franklin College,Product Marketing Manager,INOXCVA
Maria Brennan,"March 2, 1982",Corvallis,Communication technologies,Drury University,Site Reliability Engineer,Jaya Hind Industries
Pamela Hicks,"December 26, 1957",Coats Bend,Mass media,Shear Excellence Hair Academy,University Relations Recruiter,Khanna Paper Mills
Joshua Jacobs,"February 24, 1997",Fenwick Island,"Nuclear, industrial radiology, and biological technologies",South University-Accelerated Graduate Programs,Large Enterprise Account Manager,Plintron Global Technology Solutions
Christopher Houston,"June 10, 2007",Deer Park,Electrical engineering,Mt Hood Community College,Senior Systems Engineer,Crystal Travel
James Martinez,"August 8, 1996",Earlsboro,Criminal justice and fire protection,South Orange County Community College District,Strategy Director,In Time Tec Visionsoft
Manuel Robinson,"February 22, 1996",Pingree Grove,Pharmacy pharmaceutical sciences and administration,University of Minnesota-Twin Cities,Software Engineer,Sheela Foam
Lauren Jackson,"April 30, 1938",Oakdale,Architectural engineering,University of Phoenix-Birmingham Campus,Staff Engineer  Unified Communications,Financial Software & Systems
Yolanda Johnson,"February 19, 2005",Clifton,Miscellaneous psychology,Washington & Jefferson College,Manager IT   Software Distribution Team,Samsonite
Jeremy Edwards,"September 9, 2013",Tarnov,Counseling psychology,Church Divinity School of the Pacific,Director  Product Management,Bentley Systems
Philip Huff,"August 8, 1959",Alanson,Special needs education,Academy of Massage Therapy,Senior Director  Technical Program Management,Kundan Group
Sarah Smith,"January 7, 1985",Perryman,Agricultural economics,Virginia College-Baton Rouge,ZPA Regional Sales Manager  Northeast,Avantel
James Howard,"May 1, 1955",San Saba,Advertising and public relations,Rockford University,Director  Product Management,Tatva Chintan Pharma Chem
Andrew Morales,"September 10, 1946",Benton City,Advertising and public relations,Cuesta College,Global SRE Manager  Cloud Operations,Virtuoso
Sarah Nelson,"February 13, 2013",Somerset,Communications,Lancaster School of Cosmetology,Senior Network Architect,Mahindra Agri Solutions
Kevin Camacho,"June 23, 1938",West Point,Film video and photographic arts,Virginia Western Community College,Software Engineer,Vasant Chemicals
Juan Evans,"April 20, 2002",Tuscola,Engineering and industrial management,Anthem College-Maryland Heights,Member Of Technical Staff,Banas Dairy
Donna Freeman,"January 27, 1944",Red Oaks Mill,Ecology,NorthWest Arkansas Community College,Head of Solutions Engineering for Google Cloud Platform,Balaji Enterprises
Katherine Thomas,"March 2, 2008",Parrott,Geography,Concorde Career College-Aurora,Systems Engineer,Walter Bushnell
Michelle Mendoza DVM,"September 28, 2025",Wintersburg,N/a (less than bachelor's degree),Haverford College,Senior Development Manager,Amphenol Fci
Jessica Smith,"August 15, 1989",Afton,Statistics and decision science,ITT Technical Institute-Orland Park,Develpment Expert,Vatika Hotels
Darlene Collins,"December 2, 2017",Osceola,Biochemical sciences,San Bernardino Community College District,AWS Cloud Engineer/Cyber security @ Plus3IT / Intelligence agency,L&T Defence
Lori Hernandez,"December 14, 1946",Macclesfield,Mathematics,CBD College,Computer Vision Engineer in Testing,Hartek Group
Christine Carr,"March 12, 1955",Saddlebrooke,Accounting,Empire Beauty School-Kennesaw,Team Lead - Mobile Device & Wireless,Deluxe Entertainment
Michelle Byrd,"January 5, 1949",Mililani Mauka,Soil science,King's College,Senior Technical leader.services,Smc Insurance Brokers
Paul Cabrera,"May 16, 1950",Chickamaw Beach,Studio arts,ITT Technical Institute-Tempe,Security Analyst,Talentpro
Anna Poole,"July 28, 1989",North English,Fine arts,Harcum College,Enterprise Account Executive,FAIRWAY ENTERPRISES
Glenn Gallegos,"December 26, 1950",Dwight Mission,Computer and information systems,Westchester School of Beauty Culture,Product Manager | Search as a Service,Brihanmumbai Electric Supply And Transport
Ashley Waller,"July 21, 2021",Martin,Miscellaneous biology,Lon Morris College,QA Engineer,Goldstone Cements
Trevor Hill,"August 5, 1994",Sunset,Elementary education,Nationwide Beauty Academy,Senior Customer Success Manager  Oracle Social Cloud,Salasar Techno Engineering
Madison Wilson,"November 14, 1996",Lilesville,Architecture,Greenfield Community College,Senior Systems Engineer,Seth Anandram Jaipuria School
Wendy Jenkins,"November 21, 1955",Crystal Lake,Nursing,Euphoria Institute of Beauty Arts & Sciences-Summerlin,Systems Engineering Director,Star Cement
Cassie Brock,"December 2, 2016",Madrid,French german latin and other common foreign language studies,Living Arts College,Python Developer,Cure foods
Crystal Mullen,"October 30, 2005",Plymouth Meeting,Biochemical sciences,University of Phoenix-Springfield  Campus,Senior Programmer/Financial Analyst,UNext
Tanner Mitchell DDS,"October 20, 2009",Mineola,Business management and administration,West Virginia Junior College-Charleston,Senior Software Engineer,HLL Lifecare
Thomas Bowman MD,"August 25, 1987",Cecil,History,Regency Beauty Institute-Plano,Staff SW Engineer,Srei Equipment Finance
Stacey Hubbard,"February 24, 1963",Trenton,English language and literature,National College-Stow,Senior Director  Program Management  Platform,Fuji Electric
Jill Reynolds,"January 6, 1955",Mannington,Political science and government,University of Phoenix-Central Valley Campus,Cyber Security Analyst (Incident Detection and Response),SolarSquare Energy
Brittany Clements MD,"April 28, 2002",Downsville,Economics,SUNY College at Plattsburgh,Senior Software Engineer,Bausch & Lomb
Deborah Shaw,"September 26, 2002",Santa Rosa Valley,Family and consumer sciences,Soka University of America,Embedded Software Engineer,VDA Infosolutions
Eric Henry Jr.,"November 19, 2012",Susanville,Applied mathematics,Dallas Nursing Institute,Network Engineer,Modicare
James Nicholson,"March 26, 1979",Hamilton Square,Theology and religious vocations,Southeast Texas Career Institute,Data Scientist,Ssipl Lifestyle
Brandon Stewart,"September 25, 2011",Marcus,Mathematics,Brio Academy of Cosmetology-Niantic,Senior Developer,ICG Medical
Kent Freeman,"April 29, 2003",Felicity,History,Toledo Restaurant Training Center,Vice President Of Engineering,TATA Advanced Materials
Kayla Ray,"October 19, 2008",Amherst,Cognitive science and biopsychology,University of California-Irvine,Manager IT,Four Points By Sheraton
Donna Reese,"September 23, 2009",Spirit Lake,Social science or history teacher education,Helene Fuld College of Nursing,Senior Software Engineer,TechMojo Solutions
Joshua Cunningham,"September 8, 1948",Paris,Construction services,Eastern Oregon University,Software Engineer IV,Infoicon Technologies
Alexander Ferguson,"December 19, 1997",Du Quoin,Miscellaneous engineering,Paul Mitchell The School-Cincinnati,Recruiter,Beumer Group
Angela Ramirez,"July 8, 1957",Buffalo,Geological and geophysical engineering,School of the Art Institute of Chicago,Software Engineer,Fisdom
Scott Alexander,"July 25, 1938",Fairfield,Area ethnic and civilization studies,Regency Beauty Institute-Flint,Sr.Operations & Infrastructure Engineer / SRE,Savita Oil Technologies
Timothy Smith,"April 25, 1950",Cambrian Park,Transportation sciences and technologies,South Texas Vocational Technical Institute-McAllen,Enterprise Applications Sales Manager - Oracle Marketing Cloud,Sraco
Roger Johnson,"November 3, 1971",Hickory,Human services and community organization,ITT Technical Institute-Douglasville,Global Program Manager (contract),Tripjack
Stephen Robles,"March 23, 2023",Del Rio,Liberal arts,Yeshivath Zichron Moshe,Software Engineer,Uni Cards
Michelle Owen,"June 6, 1963",Galt,Information sciences,Simpson College,IT Resident,SS Supply Chain Solutions
Destiny Powers,"July 27, 2009",Fullerton,Counseling psychology,Miami-Jacobs Career College-Springboro,Principal,Seaways Shipping Logistics
Anthony Cherry,"September 14, 1984",Linton,Applied mathematics,Pinnacle Career Institute-Lawrence,Technical Manager,Zicom Electronic Security Systems
Alicia Obrien,"August 21, 1984",San Jose,Naval architecture and marine engineering,Jefferson County Dubois Area Vocational Technical Practical Nursing Program,Marketing Manager,Netxcell
Sara Obrien,"November 2, 2011",Mount Vista,Computer programming and data processing,New River Community College,Recruiter,New Opportunity Consultancy
Monica Morton,"July 15, 2009",Mitchellville,English language and literature,Hispanic American College,Senior Director of Product Management,India Nippon Electricals
Dana Snyder,"August 28, 1946",Hubbard,Library science,Paul Mitchell the School-San Diego,Consulting Engineer,CRB Tech Solution
Karen Wolf,"March 9, 1967",Millsap,Business management and administration,Traxlers School of Hair,Service and Support Manager,ITM Group of Institutions
Chase Lopez,"October 29, 2006",Bedford,Civil engineering,Frederick Community College,Senior Technical Consultant for User Experience,Shopclues
Kristen Peters,"January 13, 1998",Ogema,Library science,Virginia Intermont College,Product Manager,BHEL
Janet Parker,"March 21, 1930",Henning,General social sciences,New England College of Business and Finance,Python Developer,Wave Infratech
Jane Edwards,"February 12, 1931",Fredonia,Mass media,University of Wisconsin-System Administration,Sales Engineer,Asian Colour Coated Ispat
Katelyn Anderson,"April 10, 1967",Dennison,Cognitive science and biopsychology,University of Dallas,Senior Software Engineer,TeamLease Staffing Solutions
Zachary Caldwell,"April 9, 1944",Downs,United states history,The Academy of Barbering Arts,Technical Support Engineer II,Emami Agrotech
Thomas Mills,"December 6, 1937",Custer,Human resources and personnel management,Westwood College-Dupage,Associate  Technology Investment Banking,Magnasoft Consulting India
Sara Johnston,"July 9, 2007",Crocker,Molecular biology,Jamestown Community College,Software Engineer,Iffco Tokio General Insurance Co.
Michael Coleman,"February 7, 2011",Wellston,Industrial and manufacturing engineering,Western Nevada College,Database  Analytics & Artificial Intelligence Outbound Product Management,DLV Software
Alejandra Ellis,"September 21, 2009",Maricopa,Miscellaneous education,Sanford-Brown College-Dallas,Software Engineer,Sparkout Tech Solutions
Steven Gordon,"June 16, 1987",Willow Island,Cognitive science and biopsychology,AOMA Graduate School of Integrative Medicine,Product & Business Data Analyst,NTPC GE Power Services
David Fernandez,"October 11, 1951",Lincoln,Engineering and industrial management,Florida Technical College,Network Consulting Engineer,Polyplex
Jonathan Stanley,"June 8, 1963",River Bluff,Natural resources management,Genesis Career College-Lebanon Campus,Principal Engineer,Dhanlaxmi Bank
Jeremy Silva,"April 16, 1947",Renner Corner,Medical assisting services,Daymar College-Online,Senior Cross-Functional Program Manager,Renishaw
Daniel Henderson,"June 6, 2012",Bates City,Genetics,New Concept Massage and Beauty School,Information Security Associate,Cygnet Infotech
Samantha Prince,"February 16, 2000",Thomson,Pre-law and legal studies,Saint Joseph's College-New York,Senior Director  Corporate Communications,Temenos
Sharon Miller,"April 8, 1987",McKenney,Pre-law and legal studies,Waynesburg University,Senior Manager  Client Services,Kalyan Toll Infrastructure
Ernest Sullivan,"August 28, 1968",Cosmopolis,Visual and performing arts,National American University-Denver,Software Developer,Ubique Systems
Daniel Murphy,"July 7, 1962",Sylvan Beach,Clinical psychology,Saint Joseph's College of Maine,Product Manager,Orient Fashions
Scott Lyons Jr.,"August 5, 1982",Akutan,Mining and mineral engineering,Universidad Internacional Iberoamericana,Site Reliability Engineer,AECC Global
David Wang,"May 11, 1997",Roy,Political science and government,LeGrand Institute of Cosmetology Inc,Software Developer,Indian Potash
Erin Stewart,"December 22, 1964",Bath Corner,Other foreign languages,Salem Community College,Senior Network Engineer,Amantya Technologies
Matthew Ewing,"February 22, 1950",West Falmouth,Community and public health,Tennessee Technology Center at Newbern,Senior Business Development Manager,JGC Corporation
Wendy Smith,"March 19, 1986",Lampasas,Forestry,Orange Coast College,Software Development Engineer,GE Healthcare
Amanda Bennett,"November 8, 1984",West Marion,Educational psychology,Career School of NY,Data Scientist - Machine Learning  NLP  Text Analytics,New Horizon College of Engineering
Olivia Ayers,"August 10, 1978",University,Human resources and personnel management,Eastern Idaho Technical College,Information Security Engineer I,Adbuffs
Debra White,"January 27, 1935",Walsenburg,Criminal justice and fire protection,Florida College of Integrative Medicine,Senior Program Manager  Touch Display Driver Integrated IC,Apeejay Surrendra Group
Kim Morrow,"April 15, 1993",Big Lake,General business,Technical Learning Centers Inc,Software Development.Developer.Expert,Zydus Hospital
Lauren Green,"November 11, 2007",Star,Advertising and public relations,Southern State Community College,Territory Manager,Kaleesuwari Refinery
Alexander Martin,"December 22, 2000",Paia,Journalism,Capital Community College,Solutions Architect,NIMS University
Samuel Bowman,"November 20, 2019",Encino,Hospitality management,Craven Community College,Senior Data Scientist II,BDR Pharmaceuticals International
Brian Stokes,"August 20, 2012",Minburn,Studio arts,Alvernia University,Program Manager,MPOnline
Andre Haynes,"November 22, 1938",Niotaze,N/a (less than bachelor's degree),The Hair Academy,Mid-Market & Cloud Specialist for Caribbean  Central America  Ecuador  Bolivia  Paraguay & Venezuela,CES
Jordan Jones,"August 31, 1941",Okabena,Clinical psychology,Institucion Chaviano de Mayaguez,Software Engineer,Agastya International Foundation
Larry Curtis,"April 24, 1989",Faith,Business management and administration,Unitech Training Academy-Lake Charles,Senior Product Manager,GAO Tek
John Miller,"May 25, 1971",Berry,Computer administration management and security,Paul Mitchell The school-Austin,Senior Software Engineer,Central Academy School
Anthony Hernandez,"October 30, 2003",Grace City,Environmental engineering,University of Phoenix-Chattanooga Campus,Director/Architect,Omkar Realtors and Developers Group
Dr. Travis Morris DDS,"September 19, 2002",Plato,Medical assisting services,Institute for Business and Technology,Account Executive,Srei Equipment Finance
Hunter Williams,"December 10, 2005",Paxtonville,United states history,Century College,Senior Software Engineer,Amentum
Daniel Baker,"October 15, 2022",Cypress,Civil engineering,Art Institute of Wisconsin (The),Systems Engineer,Savvysoft Technologies
Joshua Ellis III,"July 24, 1977",Etna,General agriculture,Arkansas State University-Main Campus,Virtual Sales Specialist - Security,CPC Diagnostics
Stephanie Fields,"May 16, 2023",Thurmont,Biochemical sciences,Minot State University,Executive Assistant to Sydney Carey  CFO + Finance,AG&P Pratham
Nichole Parker,"December 19, 1989",Oak Grove,Neuroscience,Career Colleges of America,Site Reliability Engineer,F1 Info Solutions Services
Breanna Lopez,"July 26, 1943",Darlington,Computer programming and data processing,Carl Albert State College,ETL Developer/ Data Analyst,Indo Rama Synthetics (i)
Melanie Garrett,"May 27, 1983",Marietta-Alderwood,Geology and earth science,Bucks County Community College,Region Manager - Il/Wis,Troikaa Pharmaceuticals
Laurie Pierce,"August 29, 1956",Hudson,Food science,Potomac State College of West Virginia University,Software Engineer,Graviti Pharmaceuticals
Paula Gentry,"June 10, 2005",Eaton,Educational administration and supervision,America's Career Institute,Practice Manager,HTC
Alyssa Weber,"February 2, 1968",Ridgecrest,Intercultural and international studies,Institute of Therapeutic Massage Inc,Senior Manager  Global Customer Insights,Maharashtra Natural GAS
Amy Adams,"May 19, 2002",Valley View,Business management and administration,Cornerstone University,Senior Manager  IT M&A,Zones Corporate Solutions
Allen Rosales,"September 8, 2022",Calabasas,Operations logistics and e-commerce,Virginia College-Savannah,Divisional Recruiter,Ingersoll Rand
Russell Downs,"October 11, 1978",Normal,Advertising and public relations,Allied Health Institute,Principal Product Manager  Mobile Products,Him Teknoforge
Angela Colon,"April 26, 2006",Josephine,Physical sciences,Carver Career Center,Founder,Transact Global
Elizabeth Jones,"April 26, 1991",Malmstrom AFB,Public policy,Johnson & Wales University-Online,Senior Engineering Manager,Setco Automotive
Melanie Villarreal,"September 10, 1961",Mesa del Caballo,Architecture,The University of Texas Health Science Center at San Antonio,Senior Network Analyst,Dr. Balabhai Nanavati Hospital
Robert Montgomery,"December 18, 1969",Quartz Hill,International business,Globe Institute of Technology,Senior Product Manager  Technology,Essel Mining & Industries
Kelly Cox,"March 29, 2021",Huntington Station,Geosciences,Delta College of Arts & Technology,Software Development Engineer,Consultancy Services
Matthew Miles,"July 19, 1993",Cearfoss,Environmental engineering,Northwestern Health Sciences University,Senior Engineering Manager,Fidelis Technology Services
Debra White,"January 27, 1935",Walsenburg,Criminal justice and fire protection,Florida College of Integrative Medicine,Senior Program Manager  Touch Display Driver Integrated IC,Apeejay Surrendra Group
Danielle Alvarado,"June 18, 1977",West Babylon,Computer science,Conway School of Landscape Design,Technical Leader,RV Solutions
Parker Cain,"May 17, 1965",St. Petersburg,Atmospheric sciences and meteorology,Concept College of Cosmetology,Senior Software Engineer,Torry Harris Integration Solutions
Brendan Howard,"May 7, 1963",Melville,Miscellaneous engineering,Universidad Adventista de las Antillas,Product Manager,Indoco Remedies
Justin French,"December 12, 1945",New Kensington,Biology,Emporia State University,Director of Product Management,Jaslok Hospital and Research Centre
George Vaughan,"September 14, 1931",North Canton,Architecture,Alverno College,Software Developer,Intas Pharmaceuticals
Stacy Robertson,"February 25, 1989",North Boston,Geological and geophysical engineering,Yeshivath Viznitz,Senior Customer Support Engineer IV for Contact Center,MSL Driveline Systems
Joel Mclean,"December 27, 1947",Upland,Business management and administration,Don Roberts School of Hair Design,Senior Staff Software Engineer,Galfar
Elizabeth Camacho,"May 26, 1989",Buchanan,Engineering mechanics physics and science,Bennett College for Women,Vice President of Product,EqualizeRCM Services
Roger Greene,"June 6, 2000",Stratton,Operations logistics and e-commerce,Palau Community College,Strategic Sales Engineer/Solutions Architect,Cult.fit
Donna Freeman,"January 27, 1944",Red Oaks Mill,Ecology,NorthWest Arkansas Community College,Head of Solutions Engineering for Google Cloud Platform,Balaji Enterprises
Anthony Cherry,"September 14, 1984",Linton,Applied mathematics,Pinnacle Career Institute-Lawrence,Technical Manager,Zicom Electronic Security Systems
Cynthia Rowe,"August 26, 2013",Jamaica Beach,General education,Franciscan University of Steubenville,Senior Product Development Engineer,TRF
Eileen Valdez,"November 4, 2025",Martin,Pre-law and legal studies,National Personal Training Institute of Colorado,Senior Security Engineer,Nv Group
Matthew Thomas,"January 19, 1943",Celina,Business economics,Orleans Niagara BOCES-Practical Nursing Program,Senior Director - Architecture & Engineering,Clifford Chance
Lauren James,"February 6, 1980",Berne,Linguistics and comparative language and literature,American Health Institute,Senior Systems Engineer,Peerless Hospital
Margaret Harper,"May 5, 1931",Amelia,Geology and earth science,Olivet College,Regional Sales Manager,Citrus Hotels
Donald Flores,"July 3, 2006",Tustin,Nursing,Denver Seminary,Operations Project Manager,Paramatrix Technologies
Melissa Mcfarland,"April 3, 1996",Sophia,Teacher education: multiple levels,Northeastern State University,Sales Engineer - Great Lakes Region,IonIdea Interactive
April Collins,"August 1, 1956",Grafton,Mathematics teacher education,Paul Mitchell the School-Nashville,Signal Integrity Engineer,Seoyon E-hwa Automotive
Tabitha Clark,"June 1, 1965",Tamarack,Physical fitness parks recreation and leisure,Keene Beauty Academy,Application Engineer,Vesuvius
Jake Campbell,"July 29, 2000",Dennis Acres,United states history,University of New Hampshire at Manchester,Senior Solutions Consultant,Export Trading group
Mrs. Valerie Ramirez,"September 3, 1945",Kasilof,Molecular biology,Heritage University,Product Marketing Manager  Service Cloud (Retail & Consumer Goods),Vcare Trichology
Melissa Johnson,"August 3, 1953",Funkley,Chemical engineering,Huntingdon County Career and Technology Center,CyberSecurity co-op,Bandhan Bank
Elizabeth Ferguson,"January 29, 1984",Galesburg,Biochemical sciences,Calvary Baptist Theological Seminary,ENGINEER.IV.CUSTOMER SUPPORT/CUSTOMER ADVOCACY,Bal Bharati Public School
Jason Quinn,"May 17, 2019",Kevin,Geology and earth science,University of Phoenix-Jersey City Campus,Senior Associate,Times Group
Hannah Luna,"November 8, 1953",Winchester,Marketing and marketing research,Glendale Community College,Senior Software Engineer III,Zee Laboratories
Lisa Lopez MD,"September 2, 1934",Central Pacolet,Nuclear engineering,Everest Institute-Bensalem,Senior S/W Engineer,Prione Business Services
Lori Madden,"August 27, 1943",Maguayo,Physical and health education teaching,Columbus College of Art and Design,Principal Software Engineer,CreditAccess Grameen
Hannah Williamson,"September 15, 1936",Lewisville,Visual and performing arts,Seward County Community College and Area Technical School,Python Developer,All India Institute of Local Self Government
Brian Nixon,"August 23, 1999",Oakdale,Family and consumer sciences,Ohio State University-Newark Campus,Senior Systems Engineer,Religare Finvest
Brittany Allen,"February 22, 1954",Finleyville,Social work,Dabney S Lancaster Community College,Senior Systems Engineer,Scymes Services
Michael Wiggins,"December 8, 1993",Max,Interdisciplinary social sciences,Meredith College,Senior Manager  Advanced Services - Federal,Maharashtra State Electricity Distribution Company
Joshua Ellis III,"July 24, 1977",Etna,General agriculture,Arkansas State University-Main Campus,Virtual Sales Specialist - Security,CPC Diagnostics
Ashley Parrish,"November 7, 1969",Wilmar,Metallurgical engineering,Lake Land College,Cloud  Vulnerability System Admin/ Security Engineer,Automatic Data Processing (ADP)
Holly Banks,"August 5, 1945",Cole,Mining and mineral engineering,Kentucky Mountain Bible College,Member Of Technical Staff,Veeba Food Services
Sarah Sosa,"October 16, 2023",Crested Butte,Miscellaneous agriculture,Skyline College,Software Development Engineer,Sunflag Iron and Steel
Jennifer Martinez,"June 13, 1938",Caberfae,Engineering technologies,Lewis and Clark Community College,Director of Networking,EGIS
Kimberly Thomas,"June 22, 1943",Poy Sippi,General engineering,De Anza College,Consultant,EqualizeRCM Services
Levi Meadows,"January 10, 2014",Summersville,General medical and health services,Regency Beauty Institute-Flint,Cloud Solution Architect,Impresario Entertainment & Hospitality
Jacob Cabrera,"April 28, 1950",Afton,Astronomy and astrophysics,University of Phoenix-Pittsburgh Campus,Senior System Engineer,Paragon Digital Services
Jennifer Underwood,"November 10, 1976",Neilton,"Nuclear, industrial radiology, and biological technologies",Memorial Hospital School of Radiation Therapy Technology,Software Engineer,Tata Capital
Matthew Bates,"February 15, 2000",Alhambra,Miscellaneous engineering,Hair Design Institute,Global Customer Advocacy Programs,Kiswok Industries
Chad Bennett,"June 11, 2021",Dermott,Computer networking and telecommunications,Everest Institute-Hialeah,Customer Success Manager,Jana Small Finance Bank
Joshua Perry,"February 17, 2020",Schaumburg,Chemical engineering,Regency Beauty Institute-Toledo,Software Quality Assurance Engineer(Decision Management Platform),Nutanix
Erin Watkins,"July 6, 2022",Springfield,"Electrical, mechanical, and precision technologies and production",Loraines Academy Inc,Technical Lead,NLC
Jessica Mora,"September 2, 1971",Roundup,Pharmacy pharmaceutical sciences and administration,Roanoke-Chowan Community College,Corporate Development Manager,TONI&GUY
Mrs. Valerie Owens,"July 1, 1934",Heathcote,Family and consumer sciences,Kiamichi Technology Center-McAlester,Technology & System Administrator,India Cements
Mr. Jacob Moore,"August 19, 1951",South Valley,Miscellaneous health medical professions,Dominican College of Blauvelt,Regional Sales Manager,International Travel House
Blake Mitchell,"June 15, 2017",Westport,Naval architecture and marine engineering,Bacone College,Senior Design Verification Engineer,Globe Capital Market
Lawrence Martin,"May 13, 2013",Chili,Nursing,Professionals Choice Hair Design Academy,Leadership and Executive Coach,Dar Group
Michael Hendrix,"December 15, 1978",Shannon,"Electrical, mechanical, and precision technologies and production",Twin Rivers Adult School,Site Reliability Engineer,Lokmanya Multipurpose Co-op Society
Daniel Molina,"July 24, 1947",Springfield,Political science and government,Tint School of Makeup and Cosmetology-Irving,CCIE 4905 Network Architect,GlaxoSmithKline Pharmaceuticals
Ms. Kelly Holder,"March 1, 1995",Charleston,Industrial and manufacturing engineering,PCI Health Training Center,Analytics Director,NTC Logistics India
Kyle Watkins,"August 14, 2012",Wedowee,History,New York Medical College,UX/UI Designer,RITES
Theresa Sandoval,"October 25, 1933",Nipinnawasee,Industrial and manufacturing engineering,Monroe College-Main Campus,Business/Data Analyst,CL Educate
Jeffrey Ayala,"March 28, 1975",Aspers,Astronomy and astrophysics,New York Career Institute,Recruiter,Valued Epistemics
Jane King,"May 7, 2025",Ridgeway,Biological engineering,DeVry University-Tennessee,Senior Director  AI/ML/DL Solutions and Product  Management,Fossil Group
Crystal Mullen,"October 30, 2005",Plymouth Meeting,Biochemical sciences,University of Phoenix-Springfield  Campus,Senior Programmer/Financial Analyst,UNext
Adam Woods,"July 3, 1952",Buena Vista,Molecular biology,Avalon School of Cosmetology,System Engineer,Hollister Medical
Lauren James,"February 6, 1980",Berne,Linguistics and comparative language and literature,American Health Institute,Senior Systems Engineer,Peerless Hospital
Mark Boyle,"April 26, 2018",Tresckow,Nutrition sciences,Pennsylvania Highlands Community College,Senior Associate,Emami Paper Mills
Sharon Johnson,"September 30, 2007",Garnet,Chemistry,ITT Technical Institute-Tarentum,Commercial Select Sales,Hirschvogel Components
Greg Osborne,"December 16, 1930",Golden Valley,Electrical engineering,Daymar College-Bowling Green,Camera Systems Engineer,Ziff Davis Performance Marketing
David Alexander,"May 4, 2000",Luther,Social science or history teacher education,Northwest Aviation College,Platform Engineering  Staff Software Engineer,Zeno Health
Debbie Schneider,"December 11, 1952",Sunset,Communications,The University of Texas at Austin,Senior Network Architect,Azuga Telematics
Danielle Hamilton,"September 23, 2006",Rosholt,Computer networking and telecommunications,Velvet Touch Academy of Cosmetology,Software Engineer,Singareni Collieries Company
Joshua Russell,"June 3, 1991",Spirit Lake,Health and medical administrative services,The Master's College and Seminary,Data Analyst,SALARPURIA SATTVA
Ralph Gray,"July 13, 1962",Napakiak,Family and consumer sciences,Family of Faith College,Senior Software Developer,Niva Bupa Health Insurance Company
William Ramos,"August 14, 1946",Commack,Film video and photographic arts,Morehead State University,Software Engineer,Hyoseong Electric
Steven Clark,"August 20, 1968",Waikane,Criminal justice and fire protection,PJ's College of Cosmetology-Glasgow,IT Senior Analyst + Scrum Master,Viraj Profiles
Keith Knox,"January 22, 1970",Piqua,French german latin and other common foreign language studies,Chesapeake College,Security Software Engineer,Rainbow Childrens Hospital
Nicholas Lowery,"June 26, 2018",Hagerstown,Miscellaneous engineering,Upper Valley Educators Institute,Corporate Development,TCG Lifesciences
Christine Meza,"March 31, 2010",Columbine Valley,Early childhood education,IVAEM College,Senior Product Manager,Motherson Sumi Wiring
Deborah Reed,"March 13, 2010",Archer City,Industrial and manufacturing engineering,Rogers Academy of Hair Design,Senior Manager  Research & Strategy,The Mission Hospital
Mr. Jeffery Lee,"October 25, 1978",Calvin,Pre-law and legal studies,New Age Training,Vice President & Global Head of Product Marketing,ChicMic
Aaron Webb,"July 23, 1948",Ojus,Theology and religious vocations,Pima Medical Institute-East Valley,"EVice President Digital and Technology - delivering the leading digital platform for 5,300 US retailers.",Ray Engineering
Antonio Johnson,"August 11, 1931",Low Moor,Sociology,Princeton University,Senior Business Systems Analyst,Johnson & Johnson
Joshua Russell,"June 3, 1991",Spirit Lake,Health and medical administrative services,The Master's College and Seminary,Data Analyst,SALARPURIA SATTVA
Alisha Williams,"October 6, 2022",Lake View,Genetics,ITT Technical Institute-Baton Rouge,Principal Software Engineer,One Trust
Eugene Price,"December 12, 1979",Creston,Health and medical administrative services,Empire Beauty School-Appleton,Technical Leader - INSBU,Best Corporation
Joshua Guerrero,"April 19, 1967",Beaver Creek,Studio arts,Memphis College of Art,Full Stack Senior Software Engineer,Mukand Sumi Special Steel
Nicole Phillips,"April 1, 2016",Polk,Humanities,Guy's Shreveport Academy of Cosmetology Inc,Director of Sales,Cornerstone OnDemand
Jay Hall,"December 5, 1984",Grangeville,Language and drama education,Indiana State University,Distinguished Systems Engineer,Sfj Business Solutions
James Fernandez,"December 13, 2015",Bruce,Industrial production technologies,Skyline College,Software Engineer,Newton School: Pay after Placement
Carolyn Brooks,"May 24, 1965",Helena Valley Southeast,Petroleum engineering,City College-Hollywood,Account Manager,SA Technologies
Tammy Moore,"December 20, 1933",Oriska,Anthropology and archeology,Bellingham Technical College,Advisory Solution Consultant,Glaze Trading India
Robin Thompson,"June 18, 1970",Slidell,Agriculture production and management,Luna Community College,Manager  Data & Analysis,Ukay Metal Industries
Eric Russell,"January 12, 1955",Rothsville,Computer programming and data processing,Texas State Technical College-West Texas,Lead Data Scientist,Geetanjali Medical College and Hospital
Patrick Ellis,"September 26, 1988",Lawrenceville,Social work,Pacific Oaks College,Senior Customer Success Manager,DEC Infra
Charlene Black,"August 24, 2014",Barrelville,Nutrition sciences,Harrisburg Area Community College-Harrisburg,Senior Software Engineer,Amazon Distributors
Alexander Shelton,"March 28, 2006",Inverness,Physiology,Myotherapy College of Utah,Information Security Investigations Manager,GVPR Engineers
Scott Wood,"January 5, 1979",Elk Creek,Business management and administration,Tufts University,Technical Services Engineer - Tier II,Swan Enterprises
Edward White,"October 26, 1968",Williamstown,Nutrition sciences,Trend Setters Academy of Beauty Culture-Elizabethtown,Channel Manager  Corporate Sales,Hatsun Agro Product
Chad Evans,"October 24, 1947",West Liberty,Humanities,Central Career Institute LLC,UI Developer,Keltron
Gerald Hensley,"May 22, 1993",Lozano,Forestry,Everest College-Fort Worth South,Enterprise Solutions Developer,café Coffee day
Kristine Garcia,"January 24, 1998",Johnsonburg,Psychology,Paul Mitchell the School-Green Bay,Senior IT Developer,Megha Engineering & Infrastructures
Daniel Valenzuela,"June 25, 2001",Kalona,Electrical engineering technology,Professional Massage Training Center,Cybersecurity Consultant,Delhi Police
Kim Vincent,"April 2, 1934",Lexa,General education,Rensselaer BOCES-School of Practical Nursing,Business Analyst,Manappuram Finance
Brenda Smith,"February 8, 1952",Omar,History,Utah College of Massage Therapy Inc-Utah Valley,Cloud Security,Jade Global
Lauren Stone,"September 13, 1968",Ephraim,Linguistics and comparative language and literature,Aveda Institute of New Mexico (The),Software Engineer IV/DevOps Team Lead,Canon
Karen Ross,"March 19, 2013",Stanfield,Mathematics and computer science,International Academy of Design and Technology-San Antonio,Director of Solution Engineering,Rishabh Instruments
Tracie Wiley,"April 2, 1975",Roslyn Estates,Criminal justice and fire protection,Sanford-Brown College-Houston North Loop,Senior Hardware Design Engineer,Dr. Reddy's
Justin Stone,"October 1, 2023",Corn Creek,Microbiology,Cloyds Beauty School 1 Inc,Senior Software Engineer,CREW(P)LTD
Daniel Reynolds,"June 22, 1951",Viola,Composition and rhetoric,Toni & Guy Hairdressing Academy-Colorado Springs,Network Software Engineer,Arvind Technocrats & Engineers LLP
Lance Simmons,"December 22, 1970",Murdo,Natural resources management,Metropolitan Community College-Business & Technology,Analytics Manager/Lead Data Scientist,AXIS MY INDIA
Adrian Morris,"August 22, 1984",Warfield,Economics,Tiffin Academy of Hair Design,Director of Sales  West,Vishwa Samudra Engineering
William Wolfe,"April 4, 1953",Sauk Centre,Computer science,Gordon-Conwell Theological Seminary,Senior Network Engineer,Rotary Engineering
James Brown,"April 28, 1956",Buena Vista,Computer networking and telecommunications,Ross Medical Education Center-Ann Arbor,Principle Software Engineer,Profectus Capital
Clayton May,"January 27, 1965",Lake Catherine,Operations logistics and e-commerce,ITT Technical Institute-Columbia,Senior Leader,Fragma Data Systems
Alicia Hill,"April 23, 2021",Allenwood,Educational administration and supervision,South Arkansas Community College,software Engineer Staff,Mahindra Agri Solutions
Jacqueline Ford,"September 21, 1950",St. Martinville,Food science,Euphoria Institute of Beauty Arts & Sciences-Las Vegas,Principal Engineering Director - Conversation As a Platform (CaaP),MMC Infotech Services
Elizabeth Jones,"April 26, 1991",Malmstrom AFB,Public policy,Johnson & Wales University-Online,Senior Engineering Manager,Setco Automotive
Donna Wright,"May 12, 1939",Conrad,Botany,Oregon State University-Cascades Campus,Senior Business Analyst,F1 Info Solutions Services
Jason Quinn,"May 17, 2019",Kevin,Geology and earth science,University of Phoenix-Jersey City Campus,Senior Associate,Times Group
