statement,consensus
cutouts and buttons are placed perfectly,1
ten minutes,0
is no excuse for service here is rich so happy,0
with martin and emilio contains the same phone even when turned up to this place and will get again for free,0
of a fly,0
ive ever gone to a movie and disliked it as much,1
any real suspense,0
scenery,0
happened was that it wasnt high priced,0
we realized that it really looks rather bland especially in the neighborhood so i am going to have to hold on to,1
all back together and then restart it,0
them zero taste that you see this film still not fit better but tiny toons kept the burger and those who can come from,0
the bill to save it holds charge,0
delivering a convincing sincere performance,1
phone for a refurb unit or something,0
falafels and baba ganoush its amazing what they do with eggplant,1
even brought the food is very difficult to put onid recommend avoiding this product it fails,0
at all im editing is great time soon become a misplace,0
were dirty fish is excrutiatingly slow,1
after receiving and using the product for just days it broke,1
on the market,0
dark enough,1
handy detachable belt clip,1
about was their guacamole as i dont like it pured,0
day of the week they have a really nice atmosphere,1
of town this place is good,1
found a live green caterpillar in her salad,1
for the charger seems to work fine,1
were absolutely stars,1
a really nice elegant and the service huge design,0
awful it couldnt have even been created,0
salt and the batter on the fish was chewy,1
really is until the next,0
happier with it so far,1
breaking despite much care on my friends burger was cold,0
with martin and wondered how long time it,0
think well be going back anytime soon,1
bought not attentive and beyond bad battery below average phone,1
its not that great,1
feel good ending,1
similarly the delivery man did not say a word of apology when our food was minutes late,1
salsa were really good the salsa was very fresh,1
was there was no speakerphone,0
happen characters werent cold or asia,0
company is,0
bose noise cancelling is amazing which is very important for a nyc commuter,1
over a year now and i will tell you its not that great,1
everyone who gets extremely slow in the amazon for gyros,0
horrible dont waste your time and money,1
the main players are mesmerising,1
picked up speed and got right to the point,1
the owners ive been simpler,0
cooked just right,1
lets look at the major flaw in the film they destroy latifas character,1
a lilt in my entire life,0
transfers are very good,1
delight,1
famed gaudi towers,0
future goremeister lucio fulci is a great experience,0
a lot of serious mistakes,1
food,0
in the southwest,0
i checked out this place,0
other cartoon made me laugh in a really quiet area you almost hear nothing,0
plantronincs continues to use the same flawed charger design,1
good rice all the time,1
finally works well,1
its welldesigned and very sharp the blue is a very average phone with bad battery life that operates on a weak network,0
delicious our waiter wasnt too small,0
so good,1
is very appealing,1
direction and editing is astonishingly ham fisted,1
described,0
this place and like it picked up,0
puff of cream was clear sound,0
got the huevos rancheros and they didnt look too appealing,1
hackneyed writing certainly but made even worse than this one if you enjoy visual arts,0
and clear,0
i wont be hosting his one,0
deserves stars,1
location was not so good,1
it scratched my ear,1
good,1
sucked most annoying and food,1
sucked most of the stuff does not work with my motorola q smartphone,1
and photography,0
book thats how bad it is,0
chips that came with the,0
later i returned and had to continue pairing it periodically since it looks and mostly not edible,0
battery went completely dead on my headset,1
a lovely duo of violinists playing songs we requested,1
contacts in and gets great reception,0
i did,0
made of weak material and break easily,1
real sushi lovers lets be honest yama is not that good,1
when its so terrible,0
all ha long bay was a bit of a flop,1
days and it wasnt always easy to hear with,0
this type of film,0
palmtopcameracellphone and excels in those roles,0
i really wanted the plantronics to be the right one but it has too many issues for methe good,0
glad i purchased it,1
up a steak i dont recommend unless your car breaks down in front of it and very little music or anything,1
white corn beateous,0
hasnt closed down,1
i only like to a word of the service,0
ultracheap look to it,1
all my calls that i have never experienced before,0
was bad,1
everyone who are enough good as elaborately and left,0
to dylan t for the recommendation on what to order all yummy for my tummy,1
was very tasty to me,1
it should and more,0
scenes and food at freeway speed but i wasted my gosh,0
bad,1
and hope for the human race,0
excellent dualpurpose headset works for lack of junk i would crack with my requirements so far and so much rather eat their service,0
had better dialogue with his potted plants has it right,1
and tasty,1
easier to give a long that pitch black eyed peas and worse than me to solidify it for gods sake,0
this is that were excellent service and disrespected,0
i was delicious,0
seafood salad with a fabulous vinegrette,1
example of how hollywood used to exploit women for financial gain,1
boogeyman and zombiez as part of the hellish trinity of horror films,1
feel of samsung flipphones,1
had more than bars ever,0
veggitarian platter is out of this world,1
not only ripped but petrified and tasteless,1
noises before it ends the call,1
this cutie,0
and would order another,1
were lacking,1
cable did not work with my phone,1
writing and here they come in thick and fast,0
not eat here again,1
prosgood camera very nice pictures also has cool styles like black and white and more,1
totally blows,1
all the characters have good genuine hearts and believable problems,1
cold not enough flavor or just bad,1
of options to choose from,0
a fantastic afternoon,0
motorola cellphone and a lot better than this,1
best seafood plate i have ever had,1
film actually is,0
so does this cheap little phone,0
anyone interested in the worst sins of industrial design,0
been back every week since,1
away when i want my damn pho,0
this film,0
when im not wearing it,0
to line up right to get decent volume,0
the primary plot line is mystifying,1
item,0
way,0
drive all not much,0
i dont each much pasta but i love the camera its really pretty good quality,0
be ergonomic in theory but i could not stand having these in my ear,1
the car ride so much smoother,1
suddenly died in a couple years,1
ending credits,0
and break easily,1
be back unless someone else is buying,0
great the bumpers with the lights is very appealing,1
i can think of a primal impulse of selfpreservation,1
food was great and so was the biscuit,1
i sometimes,0
ant is easy to use with lg vx env,0
agree with jessica this movie is pretty bad,1
the color is even prettier than i thought this is probably the worst phone ever,0
smooth while driving up,0
actor playing the villain was a low rent michael ironside,1
perfectly between overacting and underacting,1
will get again for whatever my next phone is,1
the pleather case and forth several situations,0
definitely recommend for any of magnificent photographycinematography in this crap,0
the theatre for gods sake,0
it does,0
buttons are placed perfectly,1
charm is adorable and very eye catching,1
little slow in service,1
regardless the battery junk that i am very good side protection and worse than all,0
beat that,0
just a whiny spoiled brat babysitting,1
is real good,1
in the spot,0
this movie it is the dumbest thing you have never seen,1
so i am disappointed i wont be back here because it is a convenient location,1
inconspicuous to finish it so stale,1
the food was very good and seasoned well,1
much pasta but i love the homemade hand made pastas and thin pizzas here,0
even allowing for poor production values for the time and it was submerged for seconds and it still works great,0
does get decent hamburger,1
greatespecially if you enjoy visual arts,1
really want to make your experience a good one,1
how i felt when i came out of the cinema,0
up like normal phone does,0
this is the mode set button at the quality too,0
a sculpture,0
not worth your time and the experience has been a winner for us,0
because everything we ordered was stale,1
chips and salsa were really good the salsa was very fresh,1
unless im not using it correctly which i dont think is the case,1
dark and rude,1
albondigas soup which was just warm and tasted like tomato soup with frozen meatballs,1
backdrop,0
effects were awful,1
was new packaged nice works good no problems and it came in less time then i expected,0
stupid movie is courteous,1
of may be amazing job done to come back,0
quality sushi it is not a quality restaurant,1
were too politically correct,1
attentive as for pancakes with a bad review noted plug works great software for shawarrrrrrma,0
the acting is blah,1
regular,1
is awful,1
giallo subgenre,0
i could return the unit and get back my money and got outta there,1
bother me talk to go now holds the sound volume switch times,0
venturing off the strip for the pork belly will return next time im in vegas,1
ring toneoverall good phone to buy,1
knew how to string together narrative,1
space is worse,1
blah,1
make a call on these is an exercise in frustration,0
awesome if you havent gone here go now,1
each other,0
good and friendly she made our day,1
were not hot and neither will charge,0
it was way to expensive,1
central character finds her room blown up,1
like this was done to cover up the subpar food,1
in my auto reverse tape player,1
really scary,1
only to give them a try you will hear part of your time let alone vegas,0
ending,0
our vegetarian daughter,0
a nice surprise,1
haunt but this little money back,0
sauce is an absolutely flatlined excuse for a camera phone,0
am giving it such a bad review,1
expected a better consumer experience from motorola,1
time on,0
cents upandcoming,0
new there were the battery chargelife is very good looking as many words to go here,0
disgusting piece of blatant american propaganda,1
in usefulness and is sturdy enough i dont expect any helpful support,0
is broken and the sliced brisket and very important contacts in thick and downs of the essence of weak,0
are very very attentive providing excellent restaurant,1
at nobu so this place is really similar for half the price,1
were monotonous didnt work great service,0
prompted such a documentary is beyond me,0
prompted such a waste your brain will not communicate,0
pros,0
has it,0
girlfriends veal was very bad,0
carries the movie well,1
consumer experience from motorola,0
extremely slow at best cheesecurds we had soundwise,0
i struggle to wave you over for minutes with no heat,0
new nokia phone which is to say about this product it fails,0
when dropped face down,0
ive bought wired headphones that sound better than these,1
price,0
phone,0
the competitors,0
me,0
was lukewarm,1
tried to plug it in,0
there is nothing authentic about this place but it does everything pretty well,1
prays previous film hype,0
outdoor patio so very delightful,1
we found this move beautiful enjoyable and uplifting,1
we must have hit the bakery on leftover day because everything we ordered was stale,1
a truly truly bad film he ever made,1
bad actors period,1
below two bars and thats three days without charging,1
looking practical setup with ample storage in place,1
and service,0
the computer while it is on my lap,0
with a lilt in my ear well and is obviously very comfortable in front of a better consumer experience from motorola,0
videos at a time and the quality was very poor,0
to find it wasnt until i watched this film i started this review with two stars but im editing it to anyone,0
bullock movie since speed but not scared at all to recommend,0
clock docking station without removing the case is a wind it is an excellent product,0
enough racial stereotypes and racial jokes to offend everyone,1
store be careful,0
very very bad,1
but i bought two days and waterproof,0
beep beep sound then says signal failed,1
but ive had a lovely film is made some of garbage in any uniqueness to minutes late,0
actor playing the villain was a low budget as you clearly can see,1
see how this movie can be an inspiration to anyone to come out or overcome fear and rejection,1
food and unreliable im officially done well just bad you barking mad,0
where,0
far the best cheesecurds we have ever had,1
definitely not worth the i paid,1
charisma and terrible comedic timing,1
and i cant wait until the next,1
trashy cult movie this is trash period,1
opinion,0
meh,1
flip phones,0
europe or asia,0
they burned the battery good,1
i usually dont like it could have been to hard rock casino before will never be back yaall,1
wear glasses and that gets in the way of dramatic tension or conflict,0
real improvement,1
for another minutes before being acknowledged,0
hours,0
fine power via usb car or wall outlet,1
inside,0
say is genuine,1
windows media player,0
art movieit actually has a nice surprise,1
bad service but the food sucks,1
been created on microsoft slideshow for gods sake,1
music in,0
very convenient since and its too bulky,0
recommended it to anyone to go back there,1
likes beer ice cold or in this case even colder,1
tasty and the texture was just nasty,0
daughter,0
good for this atrocity,1
is doughy and flavorless,1
after months screen just went black all of the headsets is poor very poor,1
any brand,0
too heavyit keeps falling out of a bluetooth headset,1
intoning odd lines,0
potentially fry it,0
as much as cheap quality black olives,1
person and pretty sure who in the garbage for about this one but it specially when you wont regret it,0
folks at postinos hope that came and the worst people i consider the extra bells whistles are just adorable,0
service was there is amazing,1
motorola and we literally had perfect service was the film thats rightthe red curry had happened next to deliver,0
ironman very friendly staff,0
egg rolls were fantastic,1
we waited an hour for what was a breakfast i could have done times better at home,1
and severe echo for those on the other end of the call,1
that word loosely is an insult to ones intelligence and a huge waste of money,1
a month for the mains also uninspired,0
a professional degree,0
for service was a real waste of battery is a few weeks but phone ever had,0
cult movie this is trash period,1
place is handsdown one of the few places in phoenix that i would definately go back to again,1
this dribble watched it before putting it on,0
i watched it recently on fox movie channel and was very disappointed,1
too appealing,1
this is not very comfortable at all to recommend,1
ca usb cable did not work with my phone,1
especially enjoyed the salmon salad,1
this particular model would not work with my phone,1
other around us who came in later did,0
an exercise in frustration,1
ill even say it again this is torture,1
fry love it,1
flat characters or the audience nearly half of whom walked out of a film,0
hopeless overacting by everyone who gets shot top off a real waste of space and time,0
pretty well,1
it only set us up for disapppointment with our entrees,1
you are difficult to understand everything on this was too screamy not frightening in use the sort of man is not purchase,0
advise to identify with a script was ever seeen,0
beautiful phone into a sobaditsgood or something healthy but then says it says it,0
liked the khao soi is infuriating,0
place to come back to every once in a while,1
like strings of giallo subgenre,1
a fabulous vinegrette,0
out of salads,1
waiting an hour and being seated i was not in the greatest of moods,1
upstairs and no coverage in my cell phone right away,0
antena,0
until this dish,0
the script,0
would avoid this place if you are staying in the mirage,1
even in my bmw series which is fairly quiet i have trouble hearing what the other person is saying,1
mercy killing,0
salad with the top but not hear me vomit,0
decide,0
despicable but this just wasnt food,1
unless someone me feel and i definitely a cult classic well,0
tiny and the drinks are weak people,0
nice texture and taste,1
is unusable in a moving car at freeway speed,1
find wasting food to be despicable but this just wasnt food,1
an exercise in conclusion very disappointing,0
portions and stuffed and so disappointed with the cases,0
an iriver spinn with the only possible,0
they dont always honor pizza hut coupons,1
show,0
powerful explorations of the nature of man and of art,1
chicken caesar salad had any virtue in the food and healthy authentic or the last long bay area,0
violinists playing songs we requested,1
the mic,0
very weak,1
hate earbugs avoid this phone by all means,1
food was probably be rushed,1
on flavor,0
started having problems in my salsa,1
food came out disappointment ensued,1
tips are really great menu suggestions,0
businesses its actually rare for me to give a star,1
was no decent acting action or location work to balance things up,0
them again and again,0
even that company was the roast beef were dirty seat covers were welldone,1
im glad i did like was the slow service,0
comes,0
is far and much flavor,0
which is to say not good at all,1
low rent michael ironside,0
destroying the screen,1
audio,0
this film over christmas and what a great double cheeseburger,0
sandwiches and everything ive tried gets my seal of approval,1
all warm and fuzzy inside,1
calls because of this practice,0
business dinner dollars elsewhere,1
absolutely flatlined excuse for a restaurant,1
love and hearts and efficient,1
by mark snow is possibly the best score ive ever heard,1
tried the mediterranean chicken salad and fell in love,1
homemade hand made pastas and thin and moist chicken on the widmark character turns unintentionally comical,0
is there,0
dirty fish market and a sewer,1
listening to music with the cingular,0
good time and was happy with it,1
not a trashy cult movie this is trash period,1
antithesis of all that is good about human traffic,1
this little device has transformed my organizational capability and made us feel very unwelcome i would definitely buy from them again,0
the bathrooms at this place hits the spot when i unwrapped it i despised it,0
mains also great taste that were possible,1
back to this seller,0
it such a bad review,1
unconditional love the car with capers even say our needs and im an example of the jawbone,0
service,0
were goldencrispy and delicious,1
ever go back and have told many people what had happened,1
nobody identifies with these characters because theyre all cardboard cutouts and buttons are placed perfectly,1
again because it are looking for mediocre at best buffet in her robotic face moves in each much music or dvd,0
excellent job of revealing the complexity of the task and the incredible challenges facing south africa,1
found the stars,0
still trying hard to eat in madison for free tool,0
punishment park is one edinburgh establishment again,0
particularly pleased with the acting ability of dwight schultz,1
also had to taste my moms multigrain pumpkin pancakes with pecan butter and they were amazing fluffy and delicious,1
disapppointment with our entrees,1
was there was no decent acting action or location work to balance things up,0
waitress was good,1
dont like a brilliant,0
are these sad little vegetables so overcooked,1
relation to the primary plot line is mystifying,1
headset was a friends wedding,0
look too appealing,1
but made me into seeing just if needed,0
end of magnificent photographycinematography in the ear loops are fabulous,0
protector,0
hasnt missed a step going from silent to sound,0
ever,0
awesome,1
have only had it for a few minutes just to get some relief,0
which is infuriating,0
small great film and thats right,1
but ive never seen her in a movie this lousy,1
was not impressed and would not go back,1
dualpurpose headset,1
trying to anne rices style sensitivities and of the original that bethe audio quality motorola and this was ever had it,0
print is wonderfully wild,0
is terribly boring in places,1
of the way and being served by during the cingular att is a very long,0
not the best,1
it is not lacking in for her going back,0
i pulled up the time performance,0
cutie,1
such an awesome movie that i bought it off of ebay,1
final word this show,0
my step going over when its so slow moving,0
v the day and its very quick and where i unwrapped it works well,0
these foods i have ever tasted,0
and tinny,0
what it says it is,0
im surprised this is a great restaurant at the mandalay bay,1
past and marriage,0
do it,0
im glad i found this product on amazon it is an amazingly important film to our table,0
touch of coziness,1
dit not match picture,1
austens work you can skip this one,0
legs definitely did not taste fresh,1
big deal is about this place but i wont be back yaall,0
soon,0
logitech earbud piece of management,0
i was so tender and their beans,0
characterage appropriate,0
it showed exactly how the government and the casing around the end of the movie has a cutting edge to it,0
winner,1
star trek v the final frontier is the ventilation could use some upgrading,0
there was good audio,1
recommendation and was not disappointed,1
a third party,0
volcano in los angeles is nothing but nonsense,1
my favorite purchases ever,1
case too small and is very confortable to wear for somewhat extended periods of time,1
by and get through the day was so apt,0
she is still lacking in quantity or flavor,0
dropped face down my lc and are included,0
case too small and is very difficult to install,1
item for their frozen meatballs,0
poetry theater politics or japanese history,0
a world better than of the garbage in the theatres today,0
if you are staying in the summer,0
irritating show i have ever had,0
good works fine,1
genre will be back,1
ironside,0
possibly one of the most creative works of horror ever,1
this place a couple years ago and was not impressed,1
and not worth the price,1
like it look at the side of course the flat characters werent cold,0
in the span of an hour seriously,0
sunglasses on the good guys and especially the bad guys,0
slim enough to fit into my alarm clock docking station without removing the case,1
good product well made,1
and seem to increase the sound volume and clarity,1
his son,0
of the unit to a destination unknown,0
headset right,1
i caught them on an off night but it wasnt always easy to watch,0
in my mom and their clarity and that movie today and i found a brilliant as described,0
i bougth it for my lc and its not working,1
greeted and seated right away,1
either,0
they burned the saganaki,1
the sound is clear and loud and the charge lasts a couple of days,1
here and crusty and a lovely film,0
grilled pizza reminded me of legit italian pizza,1
are weak,0
anthony quinn playing crazy horse,0
be disappointed,1
the website,0
deal,0
buds only very quick and the time was outstanding little slow at a madhouse,0
it,0
the specs alone makes you say wow,1
to deal,0
on to my belt and keeping the iphone inside,0
refuse to refund or replace,1
eye catching,1
shrimp when i unwrapped it i live only a mile from brushfire it was literally ice cold,0
or anything to speak of,0
timeless the film actually is,1
apt,1
on my belt and the headset lost signal,1
bars ever,0
for sony ericsson wi but i dont have to jiggle the plug did not even good for camp value,0
bad idea we see how dirty,0
customize your order any way youd like my usual is eggplant with green bean stir fry love it,1
into dark sitcoms oriented for wasting food was decidely wooden floor,0
each of her pictures,0
waste,1
it you should probably just leave it on the shelf,0
sturdiness of this phone,1
in my heart and hope for the device is great,0
putting it on,0
know why they would not made amazing,0
foolish,1
whom walked out,0
waste your money,1
very good quality,1
and all the food they offered was bland,1
its austere backdrop,1
unreliable service from tmobile,1
found this move beautiful enjoyable and uplifting,1
to deal with and they dont always honor pizza hut coupons,1
love being sold,1
have called it applifies everything,0
with my phone,0
grilled chicken was so tender and yellow from the saffron seasoning,1
leather with nice shine and comfort i recommend you this case,1
daily specials are always a hit with my group,1
boyfriend and i sat at the bar and had a great experience,1
straw in this is,0
will hear part of your conversation,0
this premise sound stupid thats because it is allot clearer on the ear,0
phone works well,1
had better than new,0
for them going out of my pants or back pockets instead,0
tasted like tomato soup with frozen meatballs,1
i havent had the food or physical outlets,0
them preparing the delicious food,1
combination of pears almonds and bacon is soooo good,1
it which is really disappointing,1
ends,0
to wait over minutes to get my drink and longer to get arepas,0
other than that the president of the theatre for a movie faster,0
a lot,0
stay with his son,0
motorola,0
frozen margaritas too crazy horse,0
life a whole lot easier,0
to question your own threshold of loneliness,0
not decide,0
took over and great network coverage in,1
time going but i think i will quickly become a regular,1
it really is impressive that the instructions provided were helpful to me,1
its so sorry i felt when my purchase ive stepped foot into that minutes to go wrong,0
great food for the price which is very important for a nyc commuter,1
waitresses are very friendly,1
hybrid palmtopcameracellphone and dance scene after i use some pretty large rowdy table and disliked it,0
out and crusty and the food was above average or worth the wait that we had for it,0
talk,0
setting for your money right,0
this was a pale color instead of nice and the lion we see a wonderful story,0
fantastic,1
sites in the span of an hour i had the opportunity today to sample your amazing pizzas,1
overhaul,0
and effective its that simple,0
clean friendly staff,1
of a phone is reasonably good,0
had never eaten thai food go else where,0
conclusion of the film,0
bells whistles are mediocre,1
from north scottsdale and had this was the ambience made and the chicken pho,0
movie was a huge disappointment,1
are starving,0
is perfect and the family atmosphere is nice to see,1
great,1
it feels more comfortable than most headsets because i wear glasses and that gets in the way of dramatic tension or conflict,0
and the battery drops a bar,0
watch it,0
a small family restaurant feel to it,1
havent had any problem with the verizon customer service,1
any item on the menu is always changing food quality is going down service is extremely slow,1
opens the battery connection is broken and the device is unacceptableunless you are in a really quiet area you almost hear nothing,1
must have this,1
lot of compliments on it,1
and the prices were very reasonable,1
by landline and cell,0
iam very pleased with the job done,1
was a low budget as you clearly can see,1
expect more,0
receiving and using the product for just days it broke,1
in soon again,0
this one authentic thai food was outshining i think it,1
the greek dressing was so tasty and the texture was just nasty,1
each day of the first charge kept going dead after minutes,1
flowed smoothly and the acting was skilled,1
dessert and i like my organizational capability and seated right next was poorly super,0
comfortable in fact this little in use the staff spends more great camera really abhor it again,0
this film that i realised how great he actually was,0
thing was there was no speakerphone,0
the a glove and the mirage,0
a lot of florida at its best made it look very appealing,1
well but according to people i have called it applifies everything,1
it works just peachykeen,0
famous for your typical bar food,1
expected but it does not match picture,1
is a film about nothing just a pretext to show ridiculous action scenes,1
ever hear on it are amazed at the quality was very excited to get some relief,0
clearly,0
politically correct,1
disrespected how this television series a unique menu was forced to this greedy corporation will get great customer service,0
and camera phone is poor hummh,1
mystifying,1
ive only had my bluetooth for a few weeks but so far so good,1
sentiment and heart,1
i was no plot,0
unreliable im giving up,1
to refill my water before i struggle to wave you over for minutes,0
back here again,0
phone put it all back together and then restart it,0
treated equally special,0
are working just fine now,1
and considering the two of us left there very full and happy for about you just cant go wrong,0
as good the pizza which used to be amazing is doughy and flavorless,0
noncustomer service focused new management,1
volume and of art,0
not be coming back,1
brilliant and the ending was fantastic,1
being like that,0
times very bad customer service,1
amount of sauce to not purchase this phone as a replacement for the ringer is real good,0
car or wall outlet,0
beer drink selection and good food selection,1
despised it,1
within a rough draft was great time,0
there is not a quality restaurant,0
of the real torture,0
restaurant,0
right on time and our server from the get go was fantastic,1
this movie is possibly one of the most disappointing aspects is the lack of notable gore,0
make your experience a good one,0
is not tip lady at first visit,0
average or worth the wait that we had for it,0
them and neither will charge,0
never seen,0
customer service anywhere,0
wasnt worth wasting my purchase,1
visit,0
never brought a salad we asked for it,0
a sunday night,0
very very unreliable,1
bad guys,1
lasts only a rough draft was written and shooting began before a finished script was completed,0
vibe in the restaurant,0
become their particular character delivering a convincing script,0
and felt sick the rest of the family,0
be ergonomic in theory but i could give this film are tremendously well played,0
its still sore,0
smoothies that ive tried so far and theyre all good,1
film is well paced understated and one of the best bars with food in vegas,0
pizza which used to work fine,0
m was better,0
flawed mess,1
took back my money out the earphone and talk on the shelves of the main players are mesmerising,0
what i wanted,0
fun chef,1
turned up to be hosting his voiceovers were monotonous didnt get involved with the character he played,0
to the camelback flower shop and cartel coffee,0
i didnt work with the sort of the breakage is just check on my appointments and management is slim and uplifting,0
who has no real torture,0
grease trap and only vegas buffet experience,1
product,0
to make them here,0
garbage for audio,1
to connect any miniusb device to my pc,1
this premise sound,0
generous in use but shouting on pretty sure that went very good,0
couples small family groups etc,0
overall i went on reccomendation from his voiceovers were really worth viewing and the ambience is torture,0
chipotle but better,1
has always been great,1
switch rocketed out there,0
probably wont work perfectly,1
otto always make us feel so welcome and special,1
every part are articulated quite well,1
the hard plastic cases,0
battery is terrible and full of static,1
disappointed although some blame needs to be placed at her door,1
isnt a small family restaurant this is a fine dining establishment,1
to come out at one point,0
out and crusty and the food was awful,0
not be back here again,1
hang together at all and the acting is absolutely appalling,0
of the first thing that disappoint me is the food here,1
style has the appearance of crayonpencil drawings and is obviously very comfortable in my cell phone number keypad,0
about this place but it does everything pretty well,0
for comfort clarity,1
horrible had to switch times,0
me to get this junk i have no idea,0
is the weak material but she made,0
four kids get themselves into is absolutely hilarious to watch,0
and predictable,0
deal included tastings and drinks and jeff went above and beyond what we expected,1
well,0
of promise but fails to deliver,1
days and it is light has plenty of humorous parts,0
use with my kindle fire and absolutely loved it,1
movie and disliked it as much,0
for comfort clarity and ease of use,1
stable,1
deaf,0
not be getting that again,1
looking at family relationships and marriage,1
get cut off,0
with noca,0
sound,0
incredible challenges facing south africa,0
right,0
playing,0
owned i saw in the salmon sashimi,0
phone is reasonably good,1
confortable to wear,1
one coming,0
to have much rather eat here for what,0
case,0
mac salad and fell in love,1
use,0
wasnt high priced,1
purchasing,0
love but other than a largely disappointing,0
again,0
the crowd is just fails on blacktop without eating and seem to go back,0
of horror ever,0
later i am very odd lines the food was prettyoff putting the outside for the point is very cool,0
back and forth several times not even a real treat,0
portrayal,0
and again,0
repeating her and a year and emilio contains the ringer is nice shine and its too politically correct,0
service was very good,1
alongside olivia de havilland was brilliant and the ending was fantastic,1
it a try but was deeply impressed with this donut place,1
lovely duo of violinists playing songs we requested,1
is just lazy writing and here they come in thick and fast,0
edge of my money and time after the first phone ive ever heard,0
this battery works for people exclaim whoa is full but the least said of so damn pho,0
corded headsets and the freedom from the wireless is very helpful,1
pace,0
at best,0
breaking despite much care on my oyvey scale,0
and i didnt like or predictably and i despised it does not as a huge design is trash,0
take her clothes off,0
was definitely not filling at all and for the price you pay you should expect more,1
only to find out not a darn thing worked,1
is hard to find it wasnt high priced,1
garbage,1
is defective crap ever made,1
them except cole who was totally unbelievable in the part,0
but this one,0
macarons here are insanely good,1
should have flavor,1
my score is mostly for the plot,1
they have any from its tiny toons kept going for value,0
i couldnt be overpriced,0
was delicate and cool,1
will not be getting that again,1
as the actors,0
i even dropped this phone into a stream and it was submerged for seconds and it still works great,1
the bathrooms at this location were dirty seat covers were not replenished just plain yucky,1
film,0
later discarded because the selection on any virtue in space and had this contract and have ever had lunch,0
just to get some relief,0
this earpiece,0
stars,0
oh so stale,1
i am very impressed with strip steak,1
been my choice headset for yearsgreat sound good volume good noise cancellation,1
theres not enough movies out there like this one,1
are nice and clear with great graphics,1
of embarrassing to use because of how it looks and mostly its embarrassing how childlike the company is,1
i love this is essentially you have ever gone,0
rolls were fantastic,1
shawarrrrrrma,0
there and were excruciatingly slow moving,1
to good bbq lighter fare reasonable pricing and tell the public they are back to the old ways,1
never worked well in the past and certainly doesnt work here,1
were,0
as if the food out to be despicable but this just wasnt food,0
we were sat right on time and i could replace my well travled swivel holster for my lc and its famed gaudi towers,0
i love being able to use and i want something healthy but not a quality restaurant,0
phone he scratched the protective strip instead of destroying the screen,0
great as always the evening was wonderful and imaginative menu,1
those with a huge belly and hankering for sushi,1
other subway will not meet your expectations,0
to bring us the check when we asked for the bill to leave without eating and they didnt look too appealing,0
privileged about workingeating there,0
good quality though,1
wedges were absolutely amazing pizzas here in good pace his reactions to in madison for your time here at best,0
ie,0
mesquite flavor,1
is terrible,1
this purchase,0
my moms multigrain pumpkin pancakes with pecan butter and they were amazing fluffy and delicious,0
sci fi film,0
costs,0
movie are also not bad as well,1
avoid any miniusb device is all means,0
if it were possible to give them a try but was deeply disappointed,0
silent to sound,0
bland,1
frenchman,0
the service and i felt like their guest for a special treat,1
stay with some highlights great charger,0
felt sick the heart,1
if you are great,0
starter wireless headset,1
dont think ive ever seen,0
register,0
expect,0
phenomenal in place smelled like authentic thai ever quite pleased,1
wondered how retarded the crust is on an excellent story solid,0
graphics are more intelligent than happy you havent gone to do yourself a disgrace to get together and great phone at dos gringos,0
three broke within two months of use,1
low price i highly recommend this gifted actor,1
is a smoke break while,0
many other around us who came in later did,0
year,0
i have been here several times in the past and certainly doesnt work here,1
if only ripped banana was voted best cheese real disappointment,0
time and now have my new spot,0
consistent with their boba and it has on your phone,0
excellent bargain,1
the battery capacity and for the ring tones sound volume and really nice pictures,0
charger seems to work fine,1
had,0
a few weeks but i wont try going back there even if its empty,1
i got was definitely reheated and was very bad customer service,1
i have ever eat besides costcos,0
that the tracking was off,0
clever and a real crowdpleaserthis film still ranks among mickeys best films even after wonderful years,1
and one of the headsets are easy to use one headset for a special treat,0
was very attentive,1
however,0
sharp the blue is a very nice color,0
and it tasted very bland,1
was definitely not filling at all and for the price you cannot beat it,0
and it came in less time then i expected,1
